{"type": "FeatureCollection", "features": [{"type": "Feature", "geometry": {"type": "Polygon", "coordinates": [[[-75.13550500004078, 39.96953699979222], [-75.13551300043672, 39.96950700030061], [-75.13513299959679, 39.96944200032431], [-75.13535400042804, 39.96872600029744], [-75.13514299964253, 39.96868700014885], [-75.13511699970327, 39.968829000017934], [-75.13504700028139, 39.969059999775915], [-75.13499899970247, 39.96905199985696], [-75.13498199998406, 39.96914000029092], [-75.13489999996828, 39.96913899995808], [-75.13489699959524, 39.96909000015213], [-75.13489599977032, 39.9690769999448], [-75.1344289997901, 39.96908600019451], [-75.13442799996518, 39.96879100026611], [-75.1344229999423, 39.967593999680766], [-75.13441899974434, 39.96701900008407], [-75.13441799991944, 39.96691099994], [-75.13441700009453, 39.96672299981768], [-75.13441000042184, 39.966094000073824], [-75.1344150004447, 39.965336000311524], [-75.13441399972147, 39.96476800033674], [-75.13439500035321, 39.96468300028851], [-75.13436100001805, 39.964596000024414], [-75.13422299992577, 39.964476999903354], [-75.13363799994477, 39.964961999937536], [-75.13350900007333, 39.96504199974034], [-75.13334900023976, 39.965133000314545], [-75.13313599980442, 39.96524099982497], [-75.13220400039211, 39.96557999966627], [-75.13191899998672, 39.96569299969879], [-75.1318029996358, 39.965739999797506], [-75.13177599987162, 39.96575099987454], [-75.13120500013432, 39.96596799990554], [-75.13090399983543, 39.966094000073824], [-75.1304169997637, 39.96628699966826], [-75.13029100026532, 39.966345000028504], [-75.13015399999799, 39.966428999703275], [-75.12951499959028, 39.96663800013467], [-75.12869699998078, 39.96697699993357], [-75.12753899971432, 39.965433000063356], [-75.12577700009861, 39.9625440000394], [-75.12429999998993, 39.96329899989553], [-75.12336699985438, 39.96377600017621], [-75.1194479997144, 39.96567499968175], [-75.11915399998654, 39.96580299977654], [-75.11882199972551, 39.96594700019911], [-75.11288700042492, 39.96853100002056], [-75.11410000004464, 39.97040599966037], [-75.11500499969279, 39.971851000073535], [-75.11561700033629, 39.972960000242225], [-75.1162729995641, 39.97315200014193], [-75.11674999959007, 39.97328199986099], [-75.11691199997178, 39.973331000103954], [-75.11743500002852, 39.973682000199254], [-75.11765799961128, 39.97383200006679], [-75.11778999985576, 39.97391900027971], [-75.1178640003739, 39.9739690003282], [-75.1180259998573, 39.97413799968449], [-75.11803000005526, 39.97415699979778], [-75.1180679996901, 39.97427500002093], [-75.11668299964292, 39.97498400008227], [-75.11565199959809, 39.97552500027041], [-75.11322700018356, 39.97680299967607], [-75.11327800023717, 39.976864000033665], [-75.11333099994063, 39.97692800030519], [-75.11343399987278, 39.977050000054405], [-75.11302999964174, 39.977261000105266], [-75.11307900004554, 39.97732900016879], [-75.11312400025139, 39.977391000269], [-75.11329999997848, 39.977599000016596], [-75.11334900038227, 39.977656000207574], [-75.11339799988778, 39.97763000029547], [-75.11360299992717, 39.97786200011492], [-75.11362600039172, 39.97788999966009], [-75.11366200037673, 39.9779319999889], [-75.11358600020874, 39.977973000088234], [-75.11372099992795, 39.97812700029217], [-75.11377899965427, 39.97809699975222], [-75.11384700032465, 39.97817599981491], [-75.11388599978439, 39.97822300027945], [-75.11394400040903, 39.978291000074094], [-75.11403999977018, 39.97839500003406], [-75.11411000009039, 39.978358000291486], [-75.11419399975598, 39.97844999985625], [-75.1142099996495, 39.97846799995116], [-75.1142439999847, 39.978507000025786], [-75.11416500034196, 39.978547000273316], [-75.11431400030489, 39.97872899976179], [-75.11427400012191, 39.97875399975202], [-75.11431699977962, 39.978803000201914], [-75.11438100025204, 39.9788759996831], [-75.1146530002386, 39.97918300030651], [-75.11468000000278, 39.97921299968131], [-75.11500700024094, 39.97957800031284], [-75.11504800024882, 39.979624000321984], [-75.11522599962574, 39.97982500029791], [-75.11531600003741, 39.97977899973572], [-75.11543499986311, 39.979911999765136], [-75.11545800032764, 39.97993800018572], [-75.11550600000821, 39.97999300014272], [-75.11553199994748, 39.97997400027522], [-75.11576899977395, 39.9802410001748], [-75.11580499975896, 39.98028799990733], [-75.11553799979527, 39.98042800011998], [-75.1152010004097, 39.980603999803414], [-75.1150619995942, 39.98067800027797], [-75.115948999699, 39.98137500021128], [-75.1168359998038, 39.98207199991797], [-75.11607500009569, 39.98293799970664], [-75.11627199973918, 39.98311999988944], [-75.11642200042533, 39.98325899967984], [-75.11686000009325, 39.983661999801114], [-75.11730100013422, 39.98406599972458], [-75.1175189996941, 39.98426799982294], [-75.11755700022725, 39.98430100005144], [-75.11767100003006, 39.98440499981216], [-75.11795700026033, 39.9846570000847], [-75.11819800028475, 39.98485999991506], [-75.11871999961825, 39.98528200000224], [-75.1190030003738, 39.98551099971688], [-75.11947600020181, 39.98589099968369], [-75.11971100037844, 39.98608200033596], [-75.11994900002983, 39.98627100029003], [-75.12018900022933, 39.98645900033008], [-75.12043199990357, 39.98664400031109], [-75.12056099977501, 39.986736999807235], [-75.12068200014883, 39.986824000109415], [-75.1211869997639, 39.98718100014168], [-75.12143500035934, 39.98736199996779], [-75.12167700020866, 39.98754800031996], [-75.12170300014795, 39.98757099971037], [-75.12190700036244, 39.98774199996268], [-75.12213499996808, 39.98793899991597], [-75.12235900027406, 39.98813800009906], [-75.1225810000319, 39.9883369997024], [-75.12472199976432, 39.990257000076426], [-75.12673100015056, 39.99194500008731], [-75.12691500027357, 39.99183400010076], [-75.12711100009216, 39.99171599991731], [-75.12682900005983, 39.99140299981949], [-75.12670900040926, 39.99129999970891], [-75.12624300025394, 39.990867000157806], [-75.12619100037539, 39.99081300002291], [-75.12599800003154, 39.99063999985118], [-75.12607500002443, 39.990641999887515], [-75.1269520000835, 39.990759999861694], [-75.1270309997262, 39.990386000269154], [-75.12897499981513, 39.99063999985118], [-75.12890600021815, 39.990978999664314], [-75.1298600002701, 39.99110999989261], [-75.13082199981964, 39.99123699983203], [-75.13089799998764, 39.990889999807244], [-75.1312400002944, 39.98929600005902], [-75.1309010003607, 39.989249999679004], [-75.13102799968398, 39.988617999939734], [-75.13120599995922, 39.98775500006097], [-75.13089200013987, 39.987716999819696], [-75.13079800042853, 39.987704999775325], [-75.13087700007125, 39.98738199991154], [-75.13104000027785, 39.987286999782384], [-75.13120000011143, 39.9872000000699], [-75.13125000034015, 39.98718000007286], [-75.13130499969343, 39.98717900000402], [-75.1316760003125, 39.98722899998637], [-75.13183100012319, 39.986519000248585], [-75.13190700029118, 39.98630599971425], [-75.13180199981088, 39.986150999964636], [-75.13106100019426, 39.98531699993318], [-75.13164500035036, 39.98500400011054], [-75.1321059995845, 39.98477099965681], [-75.13220799969174, 39.98474099996901], [-75.13217000005692, 39.98460899980945], [-75.13192599965944, 39.98433300015355], [-75.13204600020836, 39.98426600028831], [-75.13206100027696, 39.98418799980772], [-75.13200299965233, 39.984121999913945], [-75.13205700007902, 39.9840969998228], [-75.13202399956873, 39.983938000102796], [-75.13195999999463, 39.98397099980236], [-75.13188999967443, 39.98389200024467], [-75.13200299965233, 39.983834000319504], [-75.13197800043629, 39.98380599976843], [-75.1320770001705, 39.98375499991508], [-75.13202600011685, 39.98369500032232], [-75.13213300024698, 39.98363999990368], [-75.13201199987316, 39.9835029997571], [-75.13198500010898, 39.98341700016784], [-75.13243899967043, 39.983183999808254], [-75.13254400015073, 39.98316600026738], [-75.13251999986127, 39.98304399973595], [-75.1322679999662, 39.98275799999449], [-75.13242600014995, 39.982669999886156], [-75.13242500032503, 39.98261799973757], [-75.13230800014917, 39.98222699997364], [-75.13260299970194, 39.981888000092596], [-75.13253699957973, 39.981814000240135], [-75.13265600030371, 39.98175400031949], [-75.13263600021224, 39.98167199981501], [-75.13244000039364, 39.98145200030901], [-75.1326479999078, 39.98134000032594], [-75.13253699957973, 39.98095899966664], [-75.13252700043229, 39.98087200015577], [-75.13256500006713, 39.98082600029842], [-75.1322959995553, 39.980521999983836], [-75.13265299993068, 39.98033699994553], [-75.13300399955995, 39.98014599975259], [-75.13319000023111, 39.98013399975508], [-75.1330289996743, 39.98009200009134], [-75.13177699969653, 39.97936399998289], [-75.13216500003404, 39.97898199981882], [-75.13212999987394, 39.9789629996702], [-75.13129700019581, 39.97847900004504], [-75.13132499978491, 39.978458000051965], [-75.13175900015318, 39.97802500032999], [-75.13185799988739, 39.97784999971633], [-75.13224100020201, 39.97720300005833], [-75.1323940003629, 39.97692400011787], [-75.13383499958825, 39.977147999920895], [-75.13400399964266, 39.97633099987581], [-75.1342179999029, 39.97536400008306], [-75.13433300042894, 39.97499300024261], [-75.13434299957636, 39.97491699999891], [-75.1345550001868, 39.9742559999404], [-75.1346330000046, 39.97400399985852], [-75.13438500030747, 39.97397499983592], [-75.13406200026728, 39.973934000091596], [-75.13427300015448, 39.97346600014209], [-75.13438899960713, 39.97348700029237], [-75.13447300017103, 39.973203999921516], [-75.13460000039264, 39.973227000009985], [-75.13464200022543, 39.97309000032648], [-75.13474099995962, 39.973107999767926], [-75.13476400042416, 39.97303099990583], [-75.13478399961734, 39.97296500025005], [-75.13479899968596, 39.97291000014401], [-75.13470099977664, 39.97289099968405], [-75.13474000013471, 39.97276999967432], [-75.13461399973802, 39.9727459998404], [-75.13455299963864, 39.97272399987045], [-75.13459100017181, 39.97266299994812], [-75.13465200027116, 39.97268199978308], [-75.13471800039339, 39.97254400010097], [-75.1347329995637, 39.9725470002616], [-75.13477699994463, 39.97240199968821], [-75.13472400024119, 39.97239099999298], [-75.134766000074, 39.97222699982088], [-75.13486399998327, 39.97186199985567], [-75.13481399975457, 39.97176500027643], [-75.13528699958256, 39.970248000067976], [-75.13545399998716, 39.96973999979254], [-75.13550500004078, 39.96953699979222]]]}, "properties": {"CODE": "19125"}}, {"type": "Feature", "geometry": {"type": "Polygon", "coordinates": [[[-75.21612299996198, 39.909636999952625], [-75.2149270000607, 39.901615999928715], [-75.21180700016198, 39.8978009997759], [-75.21176199995612, 39.897746999878414], [-75.20812400002356, 39.895674999929525], [-75.20580400019101, 39.894934000135414], [-75.19874400023593, 39.89311399980472], [-75.19734499994506, 39.892646999739966], [-75.19725999955624, 39.89261799968712], [-75.19551399983405, 39.89184000024854], [-75.19533800010694, 39.892430000116306], [-75.19587799988211, 39.89290300000715], [-75.1961659997622, 39.89311399980472], [-75.19623899955714, 39.89336500008339], [-75.19557900013139, 39.8979400000055], [-75.19542099994763, 39.89902999972181], [-75.19593800015657, 39.899926999829006], [-75.19692300017067, 39.90088399985601], [-75.1966870001691, 39.90085699974901], [-75.19453899986569, 39.902499000256384], [-75.1936519997609, 39.9023869998304], [-75.19366000015681, 39.90235200017658], [-75.19366400035477, 39.902316999815724], [-75.19367199985238, 39.90228200012614], [-75.19367699987525, 39.90224799966239], [-75.19368199989813, 39.9022120000042], [-75.193722999906, 39.90196799998489], [-75.19373100030192, 39.90193300011704], [-75.19373499960156, 39.90189800023131], [-75.19376999976167, 39.901687999852406], [-75.19377499978454, 39.901653999783], [-75.19378200035555, 39.90161799981278], [-75.19379300022622, 39.9015490003338], [-75.19384400027984, 39.90119900008888], [-75.19386099999826, 39.901059000317325], [-75.19386799967096, 39.90098900032423], [-75.1938700002191, 39.900953000004634], [-75.19387299969384, 39.9008480001704], [-75.19387299969384, 39.90081299973047], [-75.19387400041707, 39.90077799996182], [-75.19387100004403, 39.90063700006292], [-75.1938690003942, 39.90060100024749], [-75.19386699984607, 39.90056700032789], [-75.19386299964809, 39.90049599987388], [-75.19386000017336, 39.90046099994332], [-75.19385799962522, 39.90042599999482], [-75.19385000012763, 39.9003560000443], [-75.1938490003027, 39.90033800006514], [-75.1938359998839, 39.90021999977847], [-75.19383400023409, 39.90018700032187], [-75.1938280003863, 39.90015300019685], [-75.19381999999038, 39.90008599986061], [-75.19380900011973, 39.900020000113294], [-75.1938009997238, 39.89998699987125], [-75.19379499987603, 39.89995300033617], [-75.19377200030982, 39.89985300018694], [-75.19372399973092, 39.89968899976408], [-75.19371399968517, 39.89965500008114], [-75.19370500036267, 39.899623000323565], [-75.1936519997609, 39.89946000001297], [-75.19363900024041, 39.89942600021641], [-75.19362900019468, 39.89939399966273], [-75.19359200038477, 39.899297000003784], [-75.1935539998516, 39.899200000207486], [-75.19353799995808, 39.89916800023749], [-75.19352600026251, 39.89913700023075], [-75.193510000369, 39.89910400025262], [-75.19349699995021, 39.899072000237794], [-75.19345000009453, 39.89897700008415], [-75.19339900004091, 39.89888499974454], [-75.19336300005591, 39.898823000150124], [-75.19334600033746, 39.898791999987324], [-75.1932509999029, 39.89863900031226], [-75.19323099981142, 39.89860900005213], [-75.19320999989503, 39.898578999778856], [-75.19317100043527, 39.89851899988216], [-75.19310799978777, 39.898430000271645], [-75.19301999992423, 39.89831400012573], [-75.19299499980987, 39.89828599970463], [-75.19297200024364, 39.89825699997019], [-75.19284699967187, 39.89811799969444], [-75.19279599961824, 39.89806300005282], [-75.19277200022711, 39.898034000224065], [-75.1927229998233, 39.89797999982099], [-75.19269900043216, 39.897950999957054], [-75.19264800037855, 39.897895000185144], [-75.19253000037777, 39.89775299986913], [-75.19250899956307, 39.89772399990913], [-75.19243300029339, 39.8976009999425], [-75.19242599972237, 39.89757699992327], [-75.19207300044329, 39.89649599999071], [-75.19206599987227, 39.89647200027371], [-75.19205400017671, 39.89643600033784], [-75.19204800032892, 39.89642100007182], [-75.19203499991013, 39.89638100003553], [-75.19194000037389, 39.89608900023521], [-75.1915470000135, 39.89625100027336], [-75.19064900003804, 39.89661899987305], [-75.19010099986694, 39.896777999998896], [-75.18999299991192, 39.89680999970657], [-75.1898790001091, 39.896774999960925], [-75.18955299969588, 39.896694000264446], [-75.18921999960993, 39.89664100019851], [-75.18888200039946, 39.896596000214394], [-75.18854199974251, 39.89656999981188], [-75.18820000033408, 39.89658400002985], [-75.18785899985221, 39.896608999722716], [-75.18751900009359, 39.896636000125135], [-75.1871829996346, 39.89668200009707], [-75.186850000447, 39.896740000197404], [-75.18651800018597, 39.89679900026101], [-75.18618500010004, 39.896860000296755], [-75.1851890002153, 39.89704800012179], [-75.18287100003256, 39.897501999808995], [-75.18055500039797, 39.89796599988819], [-75.18022499978679, 39.89803300022972], [-75.17989300042407, 39.89809899982321], [-75.17956299981287, 39.89816600003471], [-75.17902300003772, 39.89827299982522], [-75.1785710001261, 39.898364000307794], [-75.17790699960405, 39.8984940001968], [-75.17757600006625, 39.89855600008887], [-75.1772420001554, 39.898612999995656], [-75.17690300022171, 39.89865200012225], [-75.17656199973985, 39.89866599991489], [-75.17622299980613, 39.89864300025405], [-75.17588499969733, 39.89860600009431], [-75.17557099987798, 39.898568999914595], [-75.17531899998289, 39.898539000312994], [-75.17495900013279, 39.89848800027096], [-75.1749180001249, 39.89860300013636], [-75.17485700002553, 39.89890000016037], [-75.1748329997361, 39.89903500030964], [-75.1748190003907, 39.89911500001739], [-75.17480799962172, 39.89917899999193], [-75.17478099985755, 39.89933399979043], [-75.17465799983391, 39.89992499989559], [-75.17459000006184, 39.90025499983213], [-75.17448600030477, 39.900765999820415], [-75.17439400024327, 39.90122400016567], [-75.17435300023537, 39.90152900009231], [-75.17400599990575, 39.90291100014966], [-75.17391200019442, 39.903480000224285], [-75.17385899959265, 39.90368199995116], [-75.17383199982848, 39.90378999999748], [-75.17376800025437, 39.90403399973055], [-75.17372300004854, 39.90425300032131], [-75.17355700036718, 39.90504799966023], [-75.17354200029857, 39.905226000180335], [-75.17353599955247, 39.905389999754725], [-75.17353300007773, 39.90559399982028], [-75.17349299989476, 39.906702000133336], [-75.17348700004698, 39.90675499999778], [-75.17348100019919, 39.90694099982156], [-75.17344799968893, 39.90715799966688], [-75.173234000327, 39.90800199994101], [-75.1730739995951, 39.90871800028694], [-75.17303599996026, 39.90891300019223], [-75.17297200038617, 39.90924199973182], [-75.1729530001196, 39.90935099980049], [-75.17271000044536, 39.910480000190475], [-75.17268699998081, 39.910576999866166], [-75.17240900014647, 39.91172900013103], [-75.17231899973478, 39.91211699989239], [-75.17228299974977, 39.91228199998256], [-75.17227100005421, 39.91233200030725], [-75.17225299961254, 39.91238799999368], [-75.17223699971902, 39.912467999958444], [-75.17213600033499, 39.912986000311314], [-75.17209500032712, 39.91320300030042], [-75.17188600008974, 39.914226999900876], [-75.1718769998689, 39.914255999766254], [-75.17189399958734, 39.91431499990583], [-75.1719250004478, 39.9143730002387], [-75.17181699959445, 39.914883999659146], [-75.17169500029402, 39.91548099980385], [-75.17142300030747, 39.916757000239585], [-75.17139499982005, 39.91688500024124], [-75.17131000032957, 39.91726900018873], [-75.17112200000858, 39.918151999948606], [-75.17085400021998, 39.91940999974359], [-75.1705810004085, 39.920653000069116], [-75.17030900042195, 39.92188500032538], [-75.17002300019168, 39.92313800022755], [-75.16974399963411, 39.924408999793386], [-75.16949900031004, 39.9255310000652], [-75.16949400028716, 39.92559599975448], [-75.16922800014838, 39.92680599966047], [-75.16895600016183, 39.92803500006519], [-75.16881899989447, 39.92865799985693], [-75.16868900019813, 39.92925600000851], [-75.16842300005935, 39.93046499976714], [-75.16892299965153, 39.93054499996883], [-75.16886599975015, 39.93081799988425], [-75.16920200020911, 39.9308640003255], [-75.16927900020202, 39.93087499981247], [-75.16998800003158, 39.93096599969618], [-75.17004800030602, 39.930693999888575], [-75.17038899988957, 39.930739000207375], [-75.17034700005678, 39.93096800010102], [-75.17057399983752, 39.93099799996715], [-75.17101499987847, 39.93105700014772], [-75.17123800035954, 39.93108699997483], [-75.17128199984215, 39.930851999943826], [-75.17162800034687, 39.93089400023721], [-75.17217300014491, 39.930972999735204], [-75.17263199972923, 39.93103099973584], [-75.17318999994608, 39.93110399993992], [-75.17351600035929, 39.93114600007873], [-75.17346199993261, 39.931393000078174], [-75.1736929999113, 39.931422999758034], [-75.17410899983791, 39.93147599978029], [-75.17416300026458, 39.931490999948075], [-75.17421299959499, 39.931504999918076], [-75.17439099987021, 39.931528000256144], [-75.1747060004128, 39.93156700024265], [-75.1747640001391, 39.931306999683066], [-75.17508499963117, 39.93134899969727], [-75.1750310001028, 39.93159100006435], [-75.17526999957909, 39.931617999767624], [-75.17572999988664, 39.931671000327746], [-75.17578199976516, 39.93143600023517], [-75.17633699960895, 39.931504999918076], [-75.17689300017595, 39.931585000281935], [-75.17735099993536, 39.93164399995653], [-75.1779099999771, 39.93172000008122], [-75.17845499977514, 39.931786999785835], [-75.17888699959526, 39.9318409997159], [-75.1793179995905, 39.93189199972552], [-75.1795350002238, 39.931917000310655], [-75.17951099993435, 39.9320370000991], [-75.17948699964488, 39.9321689998301], [-75.1797750004233, 39.93221500005223], [-75.17987199960938, 39.932231000242076], [-75.1810359997236, 39.93238299979233], [-75.18109000015026, 39.93211800002683], [-75.18141900003825, 39.93216099972838], [-75.18132399960369, 39.93258899972268], [-75.18174999957604, 39.932643999886785], [-75.18179099958392, 39.93246500017999], [-75.1829439998275, 39.93261299987488], [-75.18302699966819, 39.93262399976962], [-75.18342800042448, 39.9326789999056], [-75.18436099966172, 39.932794000234985], [-75.18440699969248, 39.93254500011066], [-75.1847049996183, 39.93258400020653], [-75.18528899977441, 39.9326509997542], [-75.18579799958744, 39.93272800031515], [-75.1865009995692, 39.93281300012704], [-75.1865480003232, 39.932818999801825], [-75.18719000020562, 39.93290099966709], [-75.18760899960697, 39.932952000264564], [-75.18811499994526, 39.93301399996732], [-75.18866899996412, 39.933089999948464], [-75.18914000014232, 39.93315500003757], [-75.1896880003134, 39.93322699987352], [-75.19023599958616, 39.93329000018443], [-75.19069800044184, 39.93335799989734], [-75.19126099978324, 39.93342399989851], [-75.19178999968774, 39.93349600014025], [-75.19228400033047, 39.9335550002341], [-75.19282599975547, 39.93362799981276], [-75.19337399992654, 39.933701000002436], [-75.19387400041707, 39.9337700001573], [-75.19440800034444, 39.933822000267966], [-75.19492499965507, 39.93390300014972], [-75.19518800031912, 39.933938999683726], [-75.19543699984115, 39.933973000259435], [-75.19597099976855, 39.93403700004125], [-75.19650200022119, 39.93410900032697], [-75.19702199990488, 39.93417599975949], [-75.19753699956567, 39.93423200018069], [-75.19923999963018, 39.93446299971171], [-75.19950300029421, 39.93450800030789], [-75.19951300033996, 39.93442399999767], [-75.19962299994481, 39.9338050002891], [-75.19972900025003, 39.93326900008725], [-75.19982200013645, 39.932919000044386], [-75.19983499965691, 39.93287399978112], [-75.1998549997484, 39.932659999976345], [-75.19984399987774, 39.932446999683286], [-75.19981200009069, 39.93230200017826], [-75.19976699988484, 39.93215799986224], [-75.1997560000142, 39.93212099989477], [-75.19971400018142, 39.9320370000991], [-75.1996790000213, 39.93196300001335], [-75.19964899988409, 39.93191200005664], [-75.19983100035728, 39.93195600007557], [-75.20000799990929, 39.93199700019303], [-75.20037899963005, 39.93208600027947], [-75.20047700043764, 39.93209899994185], [-75.20239200021423, 39.93250499981256], [-75.20389699991202, 39.93284500022336], [-75.20422300032527, 39.93285200007021], [-75.20464599992457, 39.93299799996051], [-75.20495100042142, 39.93300700013698], [-75.20482900022266, 39.933253000140056], [-75.20458800019824, 39.93374500024899], [-75.20446900037254, 39.93399199982421], [-75.20436300006735, 39.93424299981524], [-75.2042540002874, 39.934491999961516], [-75.20411600019514, 39.934733000089714], [-75.20395100033869, 39.93496399999618], [-75.20376300001772, 39.93518400033029], [-75.20354600028273, 39.93538699968248], [-75.20331000028119, 39.93557800025702], [-75.20306500005881, 39.93576200006122], [-75.20281200033881, 39.93593999997001], [-75.20256399974338, 39.93611999967016], [-75.20247699970476, 39.93618199994707], [-75.20107400011422, 39.93720199986101], [-75.20135199994857, 39.93705499987103], [-75.20163399998088, 39.936903999791504], [-75.20219399984754, 39.936602000010566], [-75.20247800042797, 39.936453999987094], [-75.202762999935, 39.93631000014109], [-75.20305300036323, 39.93617200006176], [-75.20336200015973, 39.936056999897865], [-75.20368000017703, 39.93595800023687], [-75.20400099966909, 39.935868000232965], [-75.20406599996642, 39.935851000073484], [-75.20432399970927, 39.935784999657535], [-75.20468600010754, 39.93569799982605], [-75.20563299958849, 39.93547399990931], [-75.20572300000016, 39.93545299979345], [-75.20607199997961, 39.935371000230404], [-75.20610100029194, 39.93528100014338], [-75.20617300026194, 39.93506700028762], [-75.20620400022408, 39.93497400005804], [-75.20632200022487, 39.934758999784144], [-75.20654999983049, 39.934443000126066], [-75.20683699988568, 39.93408600016742], [-75.20743299973735, 39.93351300019587], [-75.20747899976811, 39.93352200030461], [-75.20870599963153, 39.9315310001499], [-75.2112530001431, 39.92851899995467], [-75.21130500002164, 39.928396000167616], [-75.212428000128, 39.925229999989426], [-75.21205700040723, 39.9235620002819], [-75.21079000036083, 39.922095000107184], [-75.20852599970647, 39.92103300023296], [-75.2033959995966, 39.921007000147526], [-75.20170000010312, 39.91983400014765], [-75.20209000009045, 39.918555000085945], [-75.20414799998218, 39.91507300007403], [-75.20434200015094, 39.914772000187924], [-75.20447100002237, 39.914573000035844], [-75.2055000004174, 39.91303999991244], [-75.20571799997728, 39.91271700006899], [-75.20637699957814, 39.911772000236], [-75.20684100008364, 39.9111860000407], [-75.21214899957042, 39.91115100005848], [-75.21390600006158, 39.91107199973765], [-75.2145400004464, 39.91066099980823], [-75.21612299996198, 39.909636999952625]]]}, "properties": {"CODE": "19145"}}, {"type": "Feature", "geometry": {"type": "Polygon", "coordinates": [[[-75.15514400022325, 39.94398799995598], [-75.1551690003376, 39.94386499973038], [-75.15447700022646, 39.94378199990116], [-75.1536629999166, 39.94367500026317], [-75.15359500014453, 39.9436640000785], [-75.15354499991582, 39.94388800004697], [-75.15334599972418, 39.94384100008052], [-75.15335699959485, 39.943787999991784], [-75.1531630003244, 39.94376300029951], [-75.15309600037725, 39.943753000144554], [-75.15308399978338, 39.94381499970428], [-75.1530160000113, 39.94380700027523], [-75.15302000020927, 39.94378699997667], [-75.15295800028498, 39.94377899985568], [-75.15296199958463, 39.94375900023767], [-75.15290499968322, 39.94374700005087], [-75.15288999961462, 39.94381499970428], [-75.1526360000697, 39.943780999886016], [-75.15252700028977, 39.943760000253135], [-75.15254999985598, 39.943652999892066], [-75.15248799993171, 39.9436439997382], [-75.15246399964225, 39.94375600019118], [-75.15237699960363, 39.943744000003846], [-75.15238400017464, 39.94371300019881], [-75.15206799980713, 39.94367200021299], [-75.15197099972276, 39.94369499990569], [-75.1519809997685, 39.94364999984088], [-75.15202599997434, 39.94345499967721], [-75.15196200040025, 39.94346199981627], [-75.1518050000414, 39.94344200010565], [-75.15164699985768, 39.94342299972085], [-75.15149100022205, 39.94340099995738], [-75.1513320002134, 39.943384000291864], [-75.15111999960297, 39.94335699972061], [-75.15107799977018, 39.94355700025597], [-75.15101300037117, 39.94354900010803], [-75.15099999995238, 39.94360599976419], [-75.15055200023872, 39.94354900010803], [-75.15052200010147, 39.943691999856384], [-75.15045199978128, 39.94368199969105], [-75.15033899980338, 39.94372999978259], [-75.15042599984203, 39.94334900023803], [-75.15053899981993, 39.942821999977674], [-75.1489460002586, 39.942627000209], [-75.14876399978542, 39.943523000309504], [-75.14783800022086, 39.94341100016384], [-75.14718899976744, 39.943334999935935], [-75.14721600042994, 39.94320399972558], [-75.14683200029039, 39.94316300012348], [-75.14690400026039, 39.94280500016829], [-75.14653699983927, 39.94275900017673], [-75.14648800033379, 39.942982000326374], [-75.14636500031014, 39.9429679999492], [-75.1462840001193, 39.94295700033959], [-75.14627599972337, 39.94300500025101], [-75.1461510000499, 39.94298599974485], [-75.14581999961379, 39.9429500001488], [-75.14581899978887, 39.943162000099235], [-75.14559799985594, 39.94313400010445], [-75.14538000029606, 39.94310600009822], [-75.1452430000287, 39.943087000308836], [-75.14510599976136, 39.943067999825445], [-75.14364100024655, 39.94288499972056], [-75.14352099969764, 39.943453000326], [-75.14336599988695, 39.9441450003034], [-75.14333499992479, 39.94430600032058], [-75.14295900018116, 39.944255999928046], [-75.14286299992169, 39.94424299981996], [-75.14260900037678, 39.944210000223336], [-75.1429619996559, 39.942439000128374], [-75.14310499977103, 39.94084800000028], [-75.14280199982231, 39.940818000319126], [-75.1423840002459, 39.94077900009408], [-75.1422300002601, 39.940763999895644], [-75.14221000016863, 39.940761999777116], [-75.14214200039656, 39.94075600010989], [-75.14209100034293, 39.940750999812884], [-75.14203000024357, 39.94074500014469], [-75.1419540000756, 39.94073799972759], [-75.14193099961103, 39.93956200007515], [-75.14182100000619, 39.939563000151956], [-75.14181599998332, 39.939377000076966], [-75.1400479996215, 39.9390920002365], [-75.1400190002075, 39.93907899983608], [-75.14000999998666, 39.93878000027545], [-75.14002400023035, 39.93876200006213], [-75.14004500014676, 39.93875500013093], [-75.14180000008979, 39.93902999984093], [-75.1418079995874, 39.93887500032813], [-75.14192599958818, 39.93886999989366], [-75.1419209995653, 39.93862999996003], [-75.1400200000324, 39.938278999686496], [-75.13999599974298, 39.93826900010761], [-75.13998800024537, 39.93824999966383], [-75.13998300022249, 39.93802300022566], [-75.14000300031397, 39.93800399971364], [-75.14167700006615, 39.93830400000496], [-75.14172200027198, 39.9382830000687], [-75.14179000004405, 39.93828599966638], [-75.14183699989972, 39.93826499972459], [-75.14185100014343, 39.93822000022124], [-75.14181699980824, 39.93817700019366], [-75.14174300018838, 39.93814100013378], [-75.1416450002791, 39.9381070002512], [-75.14150299998886, 39.93807200025309], [-75.14114200031386, 39.93802200012635], [-75.14113899994081, 39.937878000135804], [-75.14118300032173, 39.937887999771824], [-75.14122099995657, 39.9378949997917], [-75.14172700029486, 39.93794500001124], [-75.14177400015053, 39.9379470002121], [-75.14210899988629, 39.93795699983809], [-75.14208999961971, 39.93622599997621], [-75.14210999971118, 39.936103000262094], [-75.1421520004423, 39.93579300002449], [-75.1423080000779, 39.93537399995578], [-75.14258500008735, 39.93485100016022], [-75.14256199962283, 39.93484600012049], [-75.14246999956131, 39.93483600003998], [-75.14233800021515, 39.93483200014509], [-75.14205600018283, 39.93474099989076], [-75.14210399986341, 39.934698999891545], [-75.14209899984053, 39.93458699976754], [-75.14205600018283, 39.93457799979884], [-75.14201299962681, 39.934558999707924], [-75.14197900018995, 39.93454000030055], [-75.1419490000527, 39.93450899976973], [-75.14191399989262, 39.93447900006482], [-75.14189399980113, 39.93444199997443], [-75.14188299993047, 39.93440099994393], [-75.1418779999076, 39.93435700011911], [-75.14187500043286, 39.93431099995892], [-75.14187700008269, 39.93426300014815], [-75.14188299993047, 39.9342140001487], [-75.14188100028065, 39.934156000089985], [-75.14073399988484, 39.934007000129434], [-75.14084600003785, 39.93343900032822], [-75.14086600012934, 39.93343000020857], [-75.14167500041634, 39.93354099999463], [-75.14174099964025, 39.93355100026436], [-75.14174900003617, 39.93351600000267], [-75.1417790001734, 39.93352200030461], [-75.1417440000133, 39.93367300026913], [-75.14181000013554, 39.933681999668046], [-75.14191100041788, 39.933201000285926], [-75.14137800031541, 39.93312999990462], [-75.14120400023813, 39.93310599993371], [-75.14120599988796, 39.933076999785456], [-75.14215999993989, 39.9332069999267], [-75.14286999959438, 39.93330499995473], [-75.14315599982466, 39.933332999838534], [-75.14341899959038, 39.93322199971514], [-75.14359600004072, 39.932412999727134], [-75.14387300005014, 39.93111299967663], [-75.14401399961714, 39.930457000155116], [-75.14419100006745, 39.9298020000771], [-75.14429800019757, 39.92929600013865], [-75.14435799957373, 39.92903100013248], [-75.14443100026698, 39.92876599978933], [-75.14448399997042, 39.92857899975386], [-75.14449400001617, 39.92854300015622], [-75.14458400042786, 39.92822899983973], [-75.14465300002482, 39.92798399993729], [-75.14470499990335, 39.92774900027549], [-75.1447579996068, 39.927493000004326], [-75.14477900042151, 39.9273649998542], [-75.1435469996369, 39.92720500019105], [-75.14209800001564, 39.92701600019335], [-75.14187600025778, 39.92731699999454], [-75.1418219998311, 39.92740599996598], [-75.14166399964736, 39.927481999973914], [-75.14150899983666, 39.927445000234414], [-75.14089399971843, 39.92722700033912], [-75.14088000037303, 39.92712200013238], [-75.14082699977128, 39.92702199968734], [-75.14058499992194, 39.92643700004721], [-75.14026100005682, 39.92635300016534], [-75.13400799984062, 39.925824000042], [-75.1341190001687, 39.92608599993029], [-75.134653999921, 39.927369000185394], [-75.13517799980262, 39.9286980003365], [-75.13531000004711, 39.92928499970909], [-75.13560799997293, 39.930656999818545], [-75.13578000040039, 39.93157199983308], [-75.13591199974655, 39.93244500001046], [-75.13595399957934, 39.93380299996717], [-75.13592799964009, 39.93436100004174], [-75.13583800012671, 39.936547999704], [-75.13579999959356, 39.937433999807226], [-75.13574500024029, 39.93873699991102], [-75.13571400027817, 39.93947999992548], [-75.13572199977575, 39.940148999948846], [-75.13569900020954, 39.940794999659275], [-75.13576299978364, 39.94196299982732], [-75.13586099969294, 39.94264900022129], [-75.13596600017324, 39.94328900030074], [-75.1361400002505, 39.944415999678164], [-75.13622700028914, 39.94493200007662], [-75.1363159999776, 39.94584100010088], [-75.1362880003885, 39.9465880000058], [-75.13617100021264, 39.94747600019536], [-75.13603700031834, 39.9482689999141], [-75.13589099983015, 39.94888499981381], [-75.13580499961644, 39.94923300027885], [-75.13576100013381, 39.94945200025755], [-75.13574100004234, 39.949518999818544], [-75.13531900026794, 39.95081299989709], [-75.13487800022698, 39.952076000140096], [-75.13468800025618, 39.95249800020586], [-75.13451500000382, 39.952878999756805], [-75.13445499972936, 39.95299499976252], [-75.13424200019233, 39.95341900010436], [-75.13385499967974, 39.95421699979045], [-75.1337600001435, 39.9544599997146], [-75.13369800021923, 39.95461999970051], [-75.13334699969163, 39.95511300027753], [-75.13263899968696, 39.95638100015005], [-75.1322679999662, 39.957043000043655], [-75.13153800022023, 39.95828299994621], [-75.13107999956252, 39.958908999869976], [-75.1308800004443, 39.95914399994695], [-75.13174200043474, 39.95983799981407], [-75.1343860001324, 39.95989600013689], [-75.1370909999294, 39.96019999993199], [-75.13715000037895, 39.96005200000124], [-75.13754000036629, 39.95891899987508], [-75.13782499987332, 39.9580950001987], [-75.13800899999634, 39.957696999855706], [-75.13823999997503, 39.95731799992438], [-75.13831899961775, 39.957196999892794], [-75.13843400014379, 39.957020000018545], [-75.1386040000231, 39.95676500026969], [-75.13886000011613, 39.95679700018236], [-75.13963000004507, 39.95688700020067], [-75.13995399991018, 39.956927999840765], [-75.14038400008049, 39.956984000233206], [-75.14073100041011, 39.95702899978982], [-75.1409980003738, 39.95706299990952], [-75.14141199975228, 39.95711699986243], [-75.14142199979801, 39.95705899993683], [-75.1414550003083, 39.95682599991809], [-75.1414689996537, 39.95673700033386], [-75.14156699956297, 39.955941999953886], [-75.14157599978381, 39.9558789998404], [-75.14158599982956, 39.95575399996803], [-75.14171200022625, 39.95587099975628], [-75.1419130000677, 39.95602699985112], [-75.14217699965833, 39.95618400011256], [-75.14236699962915, 39.956274000249], [-75.1424410001473, 39.95630899988754], [-75.14283299978447, 39.95643999979219], [-75.14319500018271, 39.95654200029053], [-75.14425499964156, 39.95678399970319], [-75.14445100035844, 39.956837999876406], [-75.14462000041286, 39.95691400025193], [-75.14505899990569, 39.95699600016375], [-75.14579200002468, 39.95713100009831], [-75.14600700010986, 39.95717099977265], [-75.14718700011761, 39.957388000180664], [-75.14727199960811, 39.95740399999312], [-75.14737600026349, 39.95742299993768], [-75.14744800023352, 39.95743600029532], [-75.14764200040229, 39.95750000016626], [-75.14799499968137, 39.957561999661344], [-75.1480800000702, 39.957577000308206], [-75.1485389996545, 39.95763700010826], [-75.14877999967894, 39.957659999925845], [-75.1488769997633, 39.957663999863435], [-75.14913299985635, 39.95767400005056], [-75.14952600021675, 39.95766200023894], [-75.15017200029713, 39.957592000263126], [-75.15031399968902, 39.957559000220186], [-75.15065400034597, 39.9574810002431], [-75.15088100012669, 39.95742100030618], [-75.1514889996739, 39.957257000026246], [-75.15163199978905, 39.957216999713616], [-75.15168399966758, 39.95720199967639], [-75.15206000030955, 39.957097999832854], [-75.15228700009025, 39.95704099971246], [-75.15247500041123, 39.95698699969959], [-75.15255900007682, 39.956962999833195], [-75.15277199961383, 39.95691400025193], [-75.15289299998767, 39.95688400004131], [-75.15252899993959, 39.956906000288875], [-75.15231999970221, 39.9569159998983], [-75.15235900006027, 39.956766000095044], [-75.15240099989306, 39.95658899979392], [-75.15240699974085, 39.956566000304726], [-75.15249600032763, 39.95625300031957], [-75.15267600025268, 39.95548899981357], [-75.15268200010046, 39.9553149998787], [-75.15269200014622, 39.95515199990614], [-75.15270600038991, 39.95506899999894], [-75.15273499980391, 39.9550080001606], [-75.15294200039146, 39.95406899999444], [-75.15303100007992, 39.95365100015329], [-75.15314300023292, 39.95315299997628], [-75.15333599967845, 39.952282000011195], [-75.15336199961772, 39.95216500028089], [-75.15358300044896, 39.951126999895365], [-75.15371099959718, 39.95053399967399], [-75.1537890003133, 39.950190000004426], [-75.15391700035983, 39.949615000041305], [-75.15401799974383, 39.949113000342216], [-75.15408800006404, 39.94880299981854], [-75.15424700007269, 39.948094000253384], [-75.15436599989837, 39.9475250003402], [-75.15441100010422, 39.947318999916426], [-75.1544920002951, 39.94695399988889], [-75.15466100034948, 39.94619500009076], [-75.15475900025876, 39.945729000306294], [-75.15492699958993, 39.94494100006105], [-75.1550789999259, 39.944312999683916], [-75.15514400022325, 39.94398799995598]]]}, "properties": {"CODE": "19106"}}, {"type": "Feature", "geometry": {"type": "Polygon", "coordinates": [[[-75.20604000019257, 39.93548100017612], [-75.20607199997961, 39.935371000230404], [-75.20572300000016, 39.93545299979345], [-75.20563299958849, 39.93547399990931], [-75.20468600010754, 39.93569799982605], [-75.20432399970927, 39.935784999657535], [-75.20406599996642, 39.935851000073484], [-75.20400099966909, 39.935868000232965], [-75.20368000017703, 39.93595800023687], [-75.20336200015973, 39.936056999897865], [-75.20305300036323, 39.93617200006176], [-75.202762999935, 39.93631000014109], [-75.20247800042797, 39.936453999987094], [-75.20219399984754, 39.936602000010566], [-75.20163399998088, 39.936903999791504], [-75.20135199994857, 39.93705499987103], [-75.20107400011422, 39.93720199986101], [-75.20247699970476, 39.93618199994707], [-75.20256399974338, 39.93611999967016], [-75.20281200033881, 39.93593999997001], [-75.20306500005881, 39.93576200006122], [-75.20331000028119, 39.93557800025702], [-75.20354600028273, 39.93538699968248], [-75.20376300001772, 39.93518400033029], [-75.20395100033869, 39.93496399999618], [-75.20411600019514, 39.934733000089714], [-75.2042540002874, 39.934491999961516], [-75.20436300006735, 39.93424299981524], [-75.20446900037254, 39.93399199982421], [-75.20458800019824, 39.93374500024899], [-75.20482900022266, 39.933253000140056], [-75.20495100042142, 39.93300700013698], [-75.20464599992457, 39.93299799996051], [-75.20422300032527, 39.93285200007021], [-75.20389699991202, 39.93284500022336], [-75.20239200021423, 39.93250499981256], [-75.20047700043764, 39.93209899994185], [-75.20037899963005, 39.93208600027947], [-75.20000799990929, 39.93199700019303], [-75.19983100035728, 39.93195600007557], [-75.19964899988409, 39.93191200005664], [-75.1996790000213, 39.93196300001335], [-75.19971400018142, 39.9320370000991], [-75.1997560000142, 39.93212099989477], [-75.19976699988484, 39.93215799986224], [-75.19981200009069, 39.93230200017826], [-75.19984399987774, 39.932446999683286], [-75.1998549997484, 39.932659999976345], [-75.19983499965691, 39.93287399978112], [-75.19982200013645, 39.932919000044386], [-75.19972900025003, 39.93326900008725], [-75.19962299994481, 39.9338050002891], [-75.19951300033996, 39.93442399999767], [-75.19950300029421, 39.93450800030789], [-75.19923999963018, 39.93446299971171], [-75.19753699956567, 39.93423200018069], [-75.19702199990488, 39.93417599975949], [-75.19650200022119, 39.93410900032697], [-75.19597099976855, 39.93403700004125], [-75.19543699984115, 39.933973000259435], [-75.19518800031912, 39.933938999683726], [-75.19492499965507, 39.93390300014972], [-75.19440800034444, 39.933822000267966], [-75.19387400041707, 39.9337700001573], [-75.19337399992654, 39.933701000002436], [-75.19282599975547, 39.93362799981276], [-75.19228400033047, 39.9335550002341], [-75.19178999968774, 39.93349600014025], [-75.19126099978324, 39.93342399989851], [-75.19069800044184, 39.93335799989734], [-75.19023599958616, 39.93329000018443], [-75.1896880003134, 39.93322699987352], [-75.18914000014232, 39.93315500003757], [-75.18866899996412, 39.933089999948464], [-75.18811499994526, 39.93301399996732], [-75.18760899960697, 39.932952000264564], [-75.18719000020562, 39.93290099966709], [-75.1865480003232, 39.932818999801825], [-75.1865009995692, 39.93281300012704], [-75.18579799958744, 39.93272800031515], [-75.18528899977441, 39.9326509997542], [-75.1847049996183, 39.93258400020653], [-75.18440699969248, 39.93254500011066], [-75.18436099966172, 39.932794000234985], [-75.18342800042448, 39.9326789999056], [-75.18302699966819, 39.93262399976962], [-75.1829439998275, 39.93261299987488], [-75.18179099958392, 39.93246500017999], [-75.18174999957604, 39.932643999886785], [-75.18132399960369, 39.93258899972268], [-75.18141900003825, 39.93216099972838], [-75.18109000015026, 39.93211800002683], [-75.1810359997236, 39.93238299979233], [-75.17987199960938, 39.932231000242076], [-75.1797750004233, 39.93221500005223], [-75.17948699964488, 39.9321689998301], [-75.17951099993435, 39.9320370000991], [-75.1795350002238, 39.931917000310655], [-75.1793179995905, 39.93189199972552], [-75.17888699959526, 39.9318409997159], [-75.17845499977514, 39.931786999785835], [-75.1779099999771, 39.93172000008122], [-75.17735099993536, 39.93164399995653], [-75.17689300017595, 39.931585000281935], [-75.17633699960895, 39.931504999918076], [-75.17578199976516, 39.93143600023517], [-75.17572999988664, 39.931671000327746], [-75.17526999957909, 39.931617999767624], [-75.1750310001028, 39.93159100006435], [-75.17508499963117, 39.93134899969727], [-75.1747640001391, 39.931306999683066], [-75.1747060004128, 39.93156700024265], [-75.17439099987021, 39.931528000256144], [-75.17421299959499, 39.931504999918076], [-75.17416300026458, 39.931490999948075], [-75.17410899983791, 39.93147599978029], [-75.1736929999113, 39.931422999758034], [-75.17346199993261, 39.931393000078174], [-75.17351600035929, 39.93114600007873], [-75.17318999994608, 39.93110399993992], [-75.17263199972923, 39.93103099973584], [-75.17217300014491, 39.930972999735204], [-75.17162800034687, 39.93089400023721], [-75.17128199984215, 39.930851999943826], [-75.17123800035954, 39.93108699997483], [-75.17101499987847, 39.93105700014772], [-75.17057399983752, 39.93099799996715], [-75.17034700005678, 39.93096800010102], [-75.17038899988957, 39.930739000207375], [-75.17004800030602, 39.930693999888575], [-75.16998800003158, 39.93096599969618], [-75.16927900020202, 39.93087499981247], [-75.16920200020911, 39.9308640003255], [-75.16886599975015, 39.93081799988425], [-75.16892299965153, 39.93054499996883], [-75.16842300005935, 39.93046499976714], [-75.16815000024788, 39.93170099988576], [-75.16787900008622, 39.932933999895994], [-75.16763999971162, 39.93414999984358], [-75.16730300032604, 39.935695000114926], [-75.167083000218, 39.9367420001477], [-75.16696699986707, 39.93718799967877], [-75.16681600025433, 39.9378689999111], [-75.16656900038211, 39.93906199978549], [-75.16646599955163, 39.939537000216326], [-75.16636000014473, 39.940029999989505], [-75.16627499975594, 39.94044099996773], [-75.16620399961083, 39.94081300002659], [-75.16598799970076, 39.941819999909], [-75.16584600030885, 39.942409999802535], [-75.16582299984432, 39.9425329998889], [-75.16577799963846, 39.94278500026557], [-75.16567200023157, 39.94320000031985], [-75.1655750001472, 39.9436640000785], [-75.16546600036726, 39.944076000278415], [-75.16546399981911, 39.94408999974014], [-75.16543299985698, 39.94423199972661], [-75.16534099979548, 39.94466399999772], [-75.16530399998554, 39.94484200016718], [-75.1651530003728, 39.945557000313954], [-75.16607999976226, 39.94567300034023], [-75.16617400037191, 39.94523100030308], [-75.16687200033081, 39.945320999700805], [-75.16721799993722, 39.945365000051936], [-75.16730999999874, 39.945376999954945], [-75.16765899997819, 39.94541199966012], [-75.16810199966899, 39.94546799983982], [-75.16844300015083, 39.945523999973645], [-75.16842100040954, 39.9455909999383], [-75.16999499970427, 39.94580499994096], [-75.17155399982872, 39.94601300006797], [-75.17312800002178, 39.94622900008674], [-75.17322500010616, 39.94625500023434], [-75.17321800043345, 39.94629100015746], [-75.17328700003043, 39.94629999996312], [-75.17330200009906, 39.94623100004545], [-75.17375499983557, 39.94629000017899], [-75.17373800011715, 39.9463699997885], [-75.1739110003695, 39.946394999905536], [-75.17395700040025, 39.946192000151036], [-75.1743470003876, 39.94624399977579], [-75.1743339999688, 39.94629999996312], [-75.1742979999838, 39.946469000226045], [-75.17445600016754, 39.94649099969163], [-75.17445000031975, 39.94652300027907], [-75.17460000010759, 39.946550000289584], [-75.17458199966592, 39.94663000028376], [-75.17465399963595, 39.9466400000182], [-75.17475200044355, 39.9466529996708], [-75.17492700034573, 39.94667499976592], [-75.17496099978261, 39.94651799971482], [-75.17506999956257, 39.94653100007926], [-75.17506299988986, 39.94656399993378], [-75.17511800014145, 39.94657199972917], [-75.17512399998924, 39.946545999702046], [-75.17518000006572, 39.94655300021361], [-75.17520099998212, 39.946469000226045], [-75.17525700005862, 39.94647600005674], [-75.17523299976918, 39.94658100018656], [-75.17534400009725, 39.94659499982437], [-75.17534200044743, 39.94660800017418], [-75.17549999973286, 39.94662800033671], [-75.17550700030387, 39.94659699977238], [-75.17556300038038, 39.946604000278725], [-75.17555300033462, 39.94664899977794], [-75.17560699986299, 39.946655000305825], [-75.1756350003504, 39.94652400025414], [-75.17567499963504, 39.94652900012927], [-75.17576800041978, 39.94653899987851], [-75.17573800028255, 39.94668700012786], [-75.17579600000887, 39.946692999963666], [-75.1758250003212, 39.946545999702046], [-75.17616799955455, 39.94658999995402], [-75.17614499998832, 39.94669699985397], [-75.17631599969256, 39.946717999962715], [-75.17631300021782, 39.94673600014919], [-75.17642399964758, 39.94674899978351], [-75.17641600014997, 39.946782000221575], [-75.1765230002801, 39.94679499984715], [-75.17660199992282, 39.94681200004253], [-75.17668700031165, 39.94683000020428], [-75.17671800027377, 39.946668999928484], [-75.17707399992592, 39.946710000184396], [-75.17734500008757, 39.946743999924415], [-75.17732099979813, 39.946864999854746], [-75.17740500036203, 39.94688200003274], [-75.17746100043853, 39.946892999700005], [-75.17759500033283, 39.946909999870975], [-75.1776210002721, 39.9467719998192], [-75.17769300024212, 39.94678000027896], [-75.17768999986907, 39.94679599981824], [-75.17810999999365, 39.94684399979112], [-75.17822100032173, 39.94686199994446], [-75.17834400034536, 39.946881000062845], [-75.17833699977434, 39.94691399974858], [-75.17877799981532, 39.94697299998173], [-75.17881399980034, 39.94697699985566], [-75.17886499985397, 39.94698299966602], [-75.17902999971041, 39.947003999686984], [-75.17928099978057, 39.94704599970955], [-75.17937500039022, 39.94706499977689], [-75.17946099970563, 39.94706099990816], [-75.18008400021978, 39.947151000341854], [-75.18007900019691, 39.94717600017347], [-75.18038299997053, 39.94720899971692], [-75.18042999982619, 39.94700700027974], [-75.18057499959114, 39.94702499970148], [-75.18054799982697, 39.94722699977416], [-75.18070600001072, 39.94724799972022], [-75.18087199969206, 39.94724000000392], [-75.18122099967152, 39.94728599973741], [-75.18143199955871, 39.947314000099], [-75.18150199987892, 39.947342999723574], [-75.18159399994043, 39.947380999687994], [-75.18170699991833, 39.947395999813104], [-75.18172899965965, 39.947299999919636], [-75.18213999956338, 39.947350000153584], [-75.18240300022744, 39.94738300030173], [-75.18251100018246, 39.947395999813104], [-75.18250500033467, 39.947421000243885], [-75.1824860000681, 39.94750599971192], [-75.18264400025186, 39.947527000261026], [-75.1827170000468, 39.9475250003402], [-75.18279800023763, 39.94752199977015], [-75.18329600018001, 39.947592999681945], [-75.1832459999513, 39.94780299979494], [-75.18322099983695, 39.94780099988218], [-75.1826760000389, 39.9477450002348], [-75.18260099969582, 39.94773799984525], [-75.18251399965719, 39.948103999773814], [-75.18245199973292, 39.948427000026015], [-75.18129900038765, 39.948294999975026], [-75.18121099962579, 39.94865300012707], [-75.18113399963289, 39.94900799996672], [-75.18221400008154, 39.94922200029915], [-75.18257599958146, 39.94928499965806], [-75.18275100038197, 39.94936900031982], [-75.1832879997841, 39.949512000299165], [-75.18425899955449, 39.948904000059], [-75.18515499988011, 39.948386000110474], [-75.1856339995559, 39.9480210002665], [-75.18714099980181, 39.94722199995005], [-75.18723100021349, 39.94717600017347], [-75.18730400000844, 39.94712299991355], [-75.18829900006826, 39.94640900027015], [-75.18872000001775, 39.94610799972022], [-75.19145199957896, 39.9431990002962], [-75.19149500013496, 39.94315299988078], [-75.19155899970907, 39.94312799995652], [-75.19267599996763, 39.9426789997884], [-75.19370899966232, 39.94226500005508], [-75.19387199986892, 39.94209999989741], [-75.19398499984682, 39.942153999955266], [-75.1944629996977, 39.9421560000331], [-75.19497099968582, 39.942191000008535], [-75.19523400034987, 39.942217000313214], [-75.19564600007854, 39.94230500015857], [-75.19594400000436, 39.94239199985535], [-75.19687100029213, 39.94272999998652], [-75.19979000034941, 39.94382499985017], [-75.20017000029098, 39.94395600024892], [-75.20037000030753, 39.943990999992295], [-75.20063899992104, 39.944011000231164], [-75.20094900044074, 39.94399800007658], [-75.20131500013866, 39.94397699982159], [-75.2017970001875, 39.943914999719986], [-75.20236999957463, 39.943798000141626], [-75.2031560002954, 39.94359100018554], [-75.20361800025276, 39.943334999935935], [-75.20392200002638, 39.94314899978333], [-75.2041489998071, 39.94299099987858], [-75.20432600025742, 39.94283499966697], [-75.20457700032757, 39.94254899973269], [-75.20475600042774, 39.94228700018377], [-75.20490100019268, 39.942045999796974], [-75.20500499994975, 39.94180399989473], [-75.20508699996553, 39.94150799998901], [-75.2051849998748, 39.94111599987426], [-75.20525900039297, 39.94067500007408], [-75.20526600006566, 39.94060499993187], [-75.20528399960901, 39.940446000287395], [-75.20543099992211, 39.93877000008099], [-75.20546799973202, 39.938355000020124], [-75.2055780002352, 39.937111000002844], [-75.20564299963422, 39.93688199999844], [-75.20604000019257, 39.93548100017612]]]}, "properties": {"CODE": "19146"}}, {"type": "Feature", "geometry": {"type": "Polygon", "coordinates": [[[-75.16164500013657, 39.96102099974134], [-75.16177200035818, 39.96042100014409], [-75.1596979996746, 39.960156000172105], [-75.15973299983472, 39.95999699983367], [-75.15988400034577, 39.959311999673936], [-75.15998700027794, 39.95883199985076], [-75.15992600017856, 39.95883899979352], [-75.15949900038129, 39.95878499982323], [-75.15942599968805, 39.95925299975538], [-75.15831099997762, 39.959111999755436], [-75.15758700007943, 39.95901899984538], [-75.15673699978457, 39.95890999966397], [-75.15516799961436, 39.95871799969888], [-75.1550930001696, 39.958709000149895], [-75.15506999970508, 39.95870600007046], [-75.15476900030451, 39.95823399993364], [-75.15367200013742, 39.9580990001108], [-75.15357599987796, 39.9585219999961], [-75.15352599964923, 39.9585159998207], [-75.15323899959408, 39.95847900033396], [-75.1527490000476, 39.95841599980336], [-75.15204600006582, 39.95832700022266], [-75.15203500019518, 39.958227999732905], [-75.15208000040101, 39.95794200011426], [-75.15221699977005, 39.95730299990931], [-75.15185400044521, 39.957249000103324], [-75.15163199978905, 39.957216999713616], [-75.1514889996739, 39.957257000026246], [-75.15088100012669, 39.95742100030618], [-75.15065400034597, 39.9574810002431], [-75.15031399968902, 39.957559000220186], [-75.15017200029713, 39.957592000263126], [-75.14952600021675, 39.95766200023894], [-75.14913299985635, 39.95767400005056], [-75.1488769997633, 39.957663999863435], [-75.14877999967894, 39.957659999925845], [-75.1485389996545, 39.95763700010826], [-75.1480800000702, 39.957577000308206], [-75.14799499968137, 39.957561999661344], [-75.14764200040229, 39.95750000016626], [-75.14744800023352, 39.95743600029532], [-75.14737600026349, 39.95742299993768], [-75.14727199960811, 39.95740399999312], [-75.14718700011761, 39.957388000180664], [-75.14600700010986, 39.95717099977265], [-75.14579200002468, 39.95713100009831], [-75.14505899990569, 39.95699600016375], [-75.14462000041286, 39.95691400025193], [-75.14445100035844, 39.956837999876406], [-75.14425499964156, 39.95678399970319], [-75.14319500018271, 39.95654200029053], [-75.14283299978447, 39.95643999979219], [-75.1424410001473, 39.95630899988754], [-75.14236699962915, 39.956274000249], [-75.14217699965833, 39.95618400011256], [-75.1419130000677, 39.95602699985112], [-75.14171200022625, 39.95587099975628], [-75.14158599982956, 39.95575399996803], [-75.14157599978381, 39.9558789998404], [-75.14156699956297, 39.955941999953886], [-75.1414689996537, 39.95673700033386], [-75.1414550003083, 39.95682599991809], [-75.14142199979801, 39.95705899993683], [-75.14141199975228, 39.95711699986243], [-75.1409980003738, 39.95706299990952], [-75.14073100041011, 39.95702899978982], [-75.14038400008049, 39.956984000233206], [-75.13995399991018, 39.956927999840765], [-75.13963000004507, 39.95688700020067], [-75.13886000011613, 39.95679700018236], [-75.1386040000231, 39.95676500026969], [-75.13843400014379, 39.957020000018545], [-75.13831899961775, 39.957196999892794], [-75.13823999997503, 39.95731799992438], [-75.13800899999634, 39.957696999855706], [-75.13782499987332, 39.9580950001987], [-75.13754000036629, 39.95891899987508], [-75.13715000037895, 39.96005200000124], [-75.1370909999294, 39.96019999993199], [-75.1343860001324, 39.95989600013689], [-75.13174200043474, 39.95983799981407], [-75.1308800004443, 39.95914399994695], [-75.1304949995815, 39.959596000191944], [-75.12983000013287, 39.96021700023847], [-75.12908799979304, 39.960708999946824], [-75.12777499971588, 39.96152199972997], [-75.12577700009861, 39.9625440000394], [-75.12753899971432, 39.965433000063356], [-75.12869699998078, 39.96697699993357], [-75.12951499959028, 39.96663800013467], [-75.13015399999799, 39.966428999703275], [-75.13029100026532, 39.966345000028504], [-75.1304169997637, 39.96628699966826], [-75.13090399983543, 39.966094000073824], [-75.13120500013432, 39.96596799990554], [-75.13177599987162, 39.96575099987454], [-75.1318029996358, 39.965739999797506], [-75.13191899998672, 39.96569299969879], [-75.13220400039211, 39.96557999966627], [-75.13313599980442, 39.96524099982497], [-75.13334900023976, 39.965133000314545], [-75.13350900007333, 39.96504199974034], [-75.13363799994477, 39.964961999937536], [-75.13422299992577, 39.964476999903354], [-75.13436100001805, 39.964596000024414], [-75.13439500035321, 39.96468300028851], [-75.13441399972147, 39.96476800033674], [-75.1344150004447, 39.965336000311524], [-75.13441000042184, 39.966094000073824], [-75.13441700009453, 39.96672299981768], [-75.13441799991944, 39.96691099994], [-75.13441899974434, 39.96701900008407], [-75.1344229999423, 39.967593999680766], [-75.13442799996518, 39.96879100026611], [-75.1344289997901, 39.96908600019451], [-75.13489599977032, 39.9690769999448], [-75.13489699959524, 39.96909000015213], [-75.13489999996828, 39.96913899995808], [-75.13498199998406, 39.96914000029092], [-75.13499899970247, 39.96905199985696], [-75.13504700028139, 39.969059999775915], [-75.13511699970327, 39.968829000017934], [-75.13514299964253, 39.96868700014885], [-75.13535400042804, 39.96872600029744], [-75.13573799966929, 39.96879500024097], [-75.1362239999161, 39.96888100033253], [-75.13613600005255, 39.96916400001411], [-75.13651500016924, 39.96923399984705], [-75.1364990002757, 39.969283000238256], [-75.13664999988845, 39.96931000021396], [-75.13666300030722, 39.969266999763114], [-75.1366959999192, 39.96927200004109], [-75.13673299972912, 39.9692770003187], [-75.13708099988366, 39.96935200030803], [-75.13710199980005, 39.969275999987815], [-75.1371829999909, 39.96929900002118], [-75.1372530003111, 39.96907400032028], [-75.13776399977397, 39.969167999967155], [-75.13768599995616, 39.96953499982652], [-75.13778200021564, 39.969559000099444], [-75.13805900022506, 39.96961299982224], [-75.13834100025737, 39.969650000168606], [-75.13842200044822, 39.969663000266955], [-75.13869199988665, 39.969705999780224], [-75.13870199993238, 39.96966399990371], [-75.13893399973598, 39.96969799993686], [-75.13899700038348, 39.969406000194304], [-75.13957800016654, 39.96951500016632], [-75.13979599972642, 39.96954200005039], [-75.13978200038105, 39.969680999922424], [-75.13982400021384, 39.96983900013696], [-75.13996599960574, 39.969814000327744], [-75.13997400000166, 39.96985000024288], [-75.14010600024613, 39.96982800002925], [-75.14009600020039, 39.96979200010259], [-75.1401530001018, 39.96978299994583], [-75.14018999991171, 39.969910000288735], [-75.14070700012067, 39.96982600007207], [-75.14066500028788, 39.969652000130935], [-75.14151800005749, 39.96975800011614], [-75.14140900027753, 39.97027200009056], [-75.14226200004715, 39.97037700017646], [-75.14232300014653, 39.970384000314155], [-75.14236599980423, 39.97018100016104], [-75.14260699982866, 39.970212999991176], [-75.14302799977814, 39.97027700029502], [-75.14309499972529, 39.9699539999676], [-75.143589000368, 39.970011000338765], [-75.14406399984586, 39.9700699999241], [-75.14398600002805, 39.9704520003358], [-75.14406399984586, 39.97048900022802], [-75.1443690003427, 39.970531999910186], [-75.14437900038844, 39.97049199979045], [-75.14450499988682, 39.970509999916075], [-75.14451099973459, 39.970485999977], [-75.14470099970539, 39.97051300016604], [-75.14474500008632, 39.97030399987815], [-75.14487899998062, 39.970320999737645], [-75.14498500028584, 39.97033100013902], [-75.14512800040097, 39.97034400010786], [-75.145376999923, 39.97037700017646], [-75.14532699969429, 39.970610999768006], [-75.14556000022111, 39.970641999774465], [-75.14557299974159, 39.970573000318396], [-75.14580100024553, 39.97060600027644], [-75.14610199964608, 39.970650000195754], [-75.14606900003413, 39.97081700025763], [-75.14645200034877, 39.97085999973341], [-75.14653799966419, 39.97092799996997], [-75.1468909998416, 39.97096799983453], [-75.14688699964364, 39.970989000063874], [-75.14722099955449, 39.97104100011216], [-75.14731799963887, 39.97105599986722], [-75.14758299995275, 39.97108600005591], [-75.14761100044014, 39.97093599966939], [-75.14796399971924, 39.97097699983526], [-75.14799499968137, 39.97080199976167], [-75.14807500004733, 39.970810999784256], [-75.14817299995661, 39.970821999733765], [-75.14833799981307, 39.970843000007974], [-75.14833500033832, 39.97089900001908], [-75.14847599990532, 39.97091500011221], [-75.14847900027837, 39.97085900011415], [-75.14886400024284, 39.97091300018683], [-75.14896499962687, 39.97045299996101], [-75.1499660004328, 39.97048499966381], [-75.1504319996898, 39.97049800029182], [-75.15093999967792, 39.97052400016349], [-75.15060300029234, 39.97211600015276], [-75.1506710000644, 39.972125000002336], [-75.15112600034907, 39.97218700000466], [-75.15152499965892, 39.97223399976911], [-75.15168299984266, 39.9715210002791], [-75.15178599977483, 39.97105399994597], [-75.15245000029687, 39.97114399978663], [-75.15255900007682, 39.971087999976234], [-75.15293999984331, 39.97113400019264], [-75.15293900001842, 39.971173000322025], [-75.15393900010112, 39.9713300002292], [-75.15403500036058, 39.97133299975472], [-75.1544160001271, 39.971344000308676], [-75.15530599970663, 39.97149599970822], [-75.15560100015772, 39.97153599992881], [-75.15619799983429, 39.9716160002998], [-75.15715100006133, 39.971737999893556], [-75.15724300012285, 39.971300999760466], [-75.15727999993278, 39.97119100026826], [-75.15860999972836, 39.97134699983358], [-75.15944199958156, 39.971466999998306], [-75.15970199987257, 39.97020199994366], [-75.15997700023219, 39.968995000062996], [-75.16007199976843, 39.96859899982014], [-75.16015899980707, 39.96817699997115], [-75.16021300023374, 39.96788800029275], [-75.1603949998086, 39.96706399992163], [-75.16048199984726, 39.96667000024644], [-75.16056100038828, 39.96629400022474], [-75.16067799966582, 39.96577000025378], [-75.16080400006253, 39.965159000161265], [-75.1609570002234, 39.96446900013659], [-75.16105299958456, 39.96404000016974], [-75.16111000038428, 39.96378800029192], [-75.16118800020209, 39.96342200029068], [-75.1612600001721, 39.96312600028635], [-75.1613020000049, 39.96289400001985], [-75.16138400002067, 39.96247400024145], [-75.16140900013502, 39.96234499967847], [-75.16137599962474, 39.9622250000251], [-75.16138900004354, 39.96216800004714], [-75.16147600008217, 39.96178900010861], [-75.16150600021942, 39.961660000318886], [-75.16155399989998, 39.96144199993959], [-75.16164500013657, 39.96102099974134]]]}, "properties": {"CODE": "19123"}}, {"type": "Feature", "geometry": {"type": "Polygon", "coordinates": [[[-75.16529899996267, 39.952283999792954], [-75.1652439997111, 39.95199999989728], [-75.16518000013698, 39.95188400026997], [-75.1650549995652, 39.951810000298025], [-75.16489599955655, 39.951758999982346], [-75.1647159996315, 39.951723000182156], [-75.1645340000566, 39.951693999659845], [-75.16436099980426, 39.95166900010206], [-75.16419400029798, 39.95164299994625], [-75.16399599993126, 39.95162499967371], [-75.16391700028854, 39.95156400020684], [-75.16387700010557, 39.95151999971094], [-75.16387100025779, 39.95149500008956], [-75.16393700038005, 39.951200999917575], [-75.16401099999989, 39.950875999856635], [-75.1641740002065, 39.950112999809406], [-75.16410200023647, 39.95009399989997], [-75.16402400041866, 39.950073000138914], [-75.16342600001886, 39.950001000122214], [-75.16329600032252, 39.95000200004649], [-75.16300400024448, 39.94996500008549], [-75.16296499988641, 39.94996200031109], [-75.16313700031387, 39.94920500001406], [-75.16368299993682, 39.94926999994711], [-75.16419199974985, 39.94933399988449], [-75.1642650004431, 39.949340000176804], [-75.16433800023803, 39.94934599977998], [-75.16446799993437, 39.94873299972795], [-75.16457900026245, 39.94821599981225], [-75.1647519996165, 39.94742400012972], [-75.16484500040124, 39.94699899984658], [-75.16493699956443, 39.946637000098036], [-75.16500299968666, 39.94631099972397], [-75.16501699993037, 39.946239999859], [-75.16502500032628, 39.94619999998992], [-75.16503000034916, 39.946175999781794], [-75.1651530003728, 39.945557000313954], [-75.16507100035703, 39.945555000335496], [-75.16499600001397, 39.945555000335496], [-75.1643220003445, 39.94546899983032], [-75.16438199972065, 39.94519799980557], [-75.16406700007637, 39.94515100005037], [-75.16402400041866, 39.945109000241786], [-75.16344799976018, 39.945037999818105], [-75.1630689996435, 39.94499099995299], [-75.16301099991716, 39.944963000018], [-75.16293700029733, 39.94529899985893], [-75.16268000037938, 39.945266000082924], [-75.16275499982413, 39.94491700009992], [-75.162575999724, 39.94489500012819], [-75.16222799956944, 39.94485200016295], [-75.16219499995748, 39.94499699993758], [-75.16187100009239, 39.94495300003844], [-75.16140400011214, 39.9448970001259], [-75.16119099967682, 39.94487200015018], [-75.16120099972257, 39.944824000171074], [-75.16096800009406, 39.94478800016472], [-75.16097599959167, 39.94474800013537], [-75.16075600038195, 39.944717000096574], [-75.16073299991743, 39.94482300017116], [-75.1606190001146, 39.94480400016987], [-75.16065199972657, 39.944638999936814], [-75.16028400037885, 39.94459699981397], [-75.15993899969902, 39.944557999676746], [-75.15986799955392, 39.94454400031082], [-75.15984099978974, 39.944662999995415], [-75.1597320000098, 39.94464899996226], [-75.15973399965962, 39.94463299992083], [-75.15971399956814, 39.94463099991539], [-75.15973000035999, 39.94455699967293], [-75.15942599968805, 39.94451800020168], [-75.15941499981739, 39.9445659997067], [-75.15936399976376, 39.94455999968436], [-75.15935700009108, 39.94459299980089], [-75.15925699963364, 39.94457999975689], [-75.15926199965651, 39.94455599966911], [-75.15916000044759, 39.94454300030681], [-75.15915500042472, 39.94456799971403], [-75.15909299960212, 39.944560999688115], [-75.15911100004378, 39.94447700000955], [-75.15899100039317, 39.94446199993309], [-75.15896999957846, 39.94455899968058], [-75.1589079996542, 39.94455200034242], [-75.15893000029381, 39.94445399989097], [-75.15865800030724, 39.94441899969572], [-75.15862899999495, 39.944553999661444], [-75.15855700002491, 39.94454400031082], [-75.15858700016214, 39.94441100033728], [-75.15852299968972, 39.944402000283134], [-75.1585000001235, 39.944524000227766], [-75.15841899993265, 39.94451300017955], [-75.15840700023709, 39.9445659997067], [-75.15834600013773, 39.94455899968058], [-75.15824800022841, 39.944546000318795], [-75.15828800041139, 39.94435499998116], [-75.1582390000076, 39.94435800000139], [-75.15750599988858, 39.94427200005766], [-75.15751699975924, 39.944214000258754], [-75.15683600041706, 39.94413600021426], [-75.15672900028694, 39.94412000005284], [-75.15676400044705, 39.943964999673014], [-75.15573800042509, 39.94383499999459], [-75.15568800019638, 39.9440660001692], [-75.15514400022325, 39.94398799995598], [-75.1550789999259, 39.944312999683916], [-75.15492699958993, 39.94494100006105], [-75.15475900025876, 39.945729000306294], [-75.15466100034948, 39.94619500009076], [-75.1544920002951, 39.94695399988889], [-75.15441100010422, 39.947318999916426], [-75.15436599989837, 39.9475250003402], [-75.15424700007269, 39.948094000253384], [-75.15408800006404, 39.94880299981854], [-75.15401799974383, 39.949113000342216], [-75.15391700035983, 39.949615000041305], [-75.1537890003133, 39.950190000004426], [-75.15371099959718, 39.95053399967399], [-75.15358300044896, 39.951126999895365], [-75.15336199961772, 39.95216500028089], [-75.15333599967845, 39.952282000011195], [-75.15314300023292, 39.95315299997628], [-75.15303100007992, 39.95365100015329], [-75.15294200039146, 39.95406899999444], [-75.15273499980391, 39.9550080001606], [-75.15270600038991, 39.95506899999894], [-75.15269200014622, 39.95515199990614], [-75.15268200010046, 39.9553149998787], [-75.15267600025268, 39.95548899981357], [-75.15249600032763, 39.95625300031957], [-75.15240699974085, 39.956566000304726], [-75.15240099989306, 39.95658899979392], [-75.15235900006027, 39.956766000095044], [-75.15231999970221, 39.9569159998983], [-75.15252899993959, 39.956906000288875], [-75.15289299998767, 39.95688400004131], [-75.15277199961383, 39.95691400025193], [-75.15255900007682, 39.956962999833195], [-75.15247500041123, 39.95698699969959], [-75.15228700009025, 39.95704099971246], [-75.15206000030955, 39.957097999832854], [-75.15168399966758, 39.95720199967639], [-75.15163199978905, 39.957216999713616], [-75.15185400044521, 39.957249000103324], [-75.15221699977005, 39.95730299990931], [-75.15208000040101, 39.95794200011426], [-75.15203500019518, 39.958227999732905], [-75.15204600006582, 39.95832700022266], [-75.1527490000476, 39.95841599980336], [-75.15323899959408, 39.95847900033396], [-75.15352599964923, 39.9585159998207], [-75.15357599987796, 39.9585219999961], [-75.15367200013742, 39.9580990001108], [-75.15476900030451, 39.95823399993364], [-75.15506999970508, 39.95870600007046], [-75.1550930001696, 39.958709000149895], [-75.15516799961436, 39.95871799969888], [-75.15673699978457, 39.95890999966397], [-75.15758700007943, 39.95901899984538], [-75.15831099997762, 39.959111999755436], [-75.15942599968805, 39.95925299975538], [-75.15949900038129, 39.95878499982323], [-75.15992600017856, 39.95883899979352], [-75.15998700027794, 39.95883199985076], [-75.15988400034577, 39.959311999673936], [-75.16195899995593, 39.95957100007973], [-75.16205799969012, 39.959100999987356], [-75.1621179999646, 39.95882100003769], [-75.162174999866, 39.958546999803254], [-75.16229299986676, 39.95805799979559], [-75.16231899980603, 39.95792999966113], [-75.16233899989754, 39.95782499973777], [-75.16235999981393, 39.95771899984173], [-75.16237400005764, 39.95764499998584], [-75.162687999877, 39.956226999840574], [-75.16288600024372, 39.95532899979487], [-75.16309299993294, 39.95439999988158], [-75.16319199966715, 39.95391400012073], [-75.16332300008672, 39.9533549998574], [-75.1634000000796, 39.95336599986104], [-75.16391800011345, 39.95343600003078], [-75.16506299996112, 39.95360800018285], [-75.16522600016775, 39.95257599966853], [-75.16529899996267, 39.952283999792954]]]}, "properties": {"CODE": "19107"}}, {"type": "Feature", "geometry": {"type": "Polygon", "coordinates": [[[-75.1749180001249, 39.89860300013636], [-75.17495900013279, 39.89848800027096], [-75.17486200004842, 39.89847399975283], [-75.17406299980716, 39.89835999966049], [-75.17297200038617, 39.898204999726495], [-75.1726569998436, 39.898101999803224], [-75.17234300002421, 39.89799799973034], [-75.17202800037997, 39.897896000181454], [-75.17171000036265, 39.89779899978045], [-75.1713899997972, 39.89771099992311], [-75.17106000008431, 39.897638999955774], [-75.17072600017346, 39.89758299992886], [-75.17038899988957, 39.89754199988014], [-75.1700950001617, 39.897519999843915], [-75.17004599975789, 39.89752099984569], [-75.16970500017436, 39.897503999813125], [-75.16834000021866, 39.89745999970915], [-75.1679979999119, 39.897449999681605], [-75.16765800015328, 39.89743900033877], [-75.16731500002162, 39.89742900030811], [-75.16697500026298, 39.89741800027277], [-75.1659500000659, 39.897388000167304], [-75.16560899958407, 39.89737700012533], [-75.16116899993551, 39.89724800019068], [-75.16082699962874, 39.8972390001381], [-75.15877799995785, 39.89717999976409], [-75.15843599965109, 39.89717099970257], [-75.15707099969539, 39.89713100010408], [-75.15672799956373, 39.897122000036134], [-75.15536199978312, 39.897081999719845], [-75.15502000037468, 39.897075999670385], [-75.15467999971773, 39.89706400025905], [-75.15434199960893, 39.89702399990891], [-75.15400600004826, 39.8969760001471], [-75.15366899976438, 39.89693199970413], [-75.15152600038215, 39.89664700028605], [-75.14711099994965, 39.896060000260285], [-75.14592400026918, 39.895900999847015], [-75.14558699998528, 39.895857000092285], [-75.14427700028116, 39.89568200013026], [-75.14424999961868, 39.89566200024398], [-75.14422500040264, 39.895647999837664], [-75.14418400039477, 39.895633000088374], [-75.1415330001261, 39.895062000252786], [-75.13499600022776, 39.89285700025578], [-75.13459000034689, 39.893620999736584], [-75.13320299975157, 39.89626399984713], [-75.13229499973038, 39.898326999997366], [-75.13175499995522, 39.89953999991369], [-75.13136800034093, 39.90044299999174], [-75.13123199989849, 39.900785000330465], [-75.13054399998532, 39.90253700031012], [-75.1304090002661, 39.902866000148016], [-75.1301270002338, 39.90373500008448], [-75.12984500020148, 39.90463500031504], [-75.12970399973618, 39.905206000323034], [-75.12967299977404, 39.905328999731985], [-75.12964900038291, 39.9054259998104], [-75.12948299980323, 39.90622100000933], [-75.1293959997646, 39.906629000096935], [-75.1292839996116, 39.9073900001384], [-75.1292750002891, 39.90748100022764], [-75.12923199973308, 39.908216000333844], [-75.12919699957298, 39.90912199995502], [-75.12923900030408, 39.91017299982138], [-75.12929899968022, 39.911304000045696], [-75.12938300024412, 39.91232399995458], [-75.12951399976538, 39.91321800033777], [-75.12968299981978, 39.91422399993791], [-75.12978499992704, 39.91480599994831], [-75.12998999996644, 39.91588500023512], [-75.13005899956342, 39.91615000013954], [-75.13018699960993, 39.916668999927424], [-75.13034999981654, 39.9174039999709], [-75.13048500043409, 39.91769300006956], [-75.13075700042064, 39.918480000199], [-75.13104500030073, 39.91920800023322], [-75.13137900021158, 39.920052999831874], [-75.13217599990469, 39.921804000001174], [-75.13223500035424, 39.921932000214376], [-75.13356900034779, 39.92485900025411], [-75.13400799984062, 39.925824000042], [-75.14026100005682, 39.92635300016534], [-75.14058499992194, 39.92643700004721], [-75.14082699977128, 39.92702199968734], [-75.14088000037303, 39.92712200013238], [-75.14089399971843, 39.92722700033912], [-75.14150899983666, 39.927445000234414], [-75.14166399964736, 39.927481999973914], [-75.1418219998311, 39.92740599996598], [-75.14187600025778, 39.92731699999454], [-75.14209800001564, 39.92701600019335], [-75.1435469996369, 39.92720500019105], [-75.14477900042151, 39.9273649998542], [-75.14492300036154, 39.92738399987544], [-75.14501200005002, 39.927396000176245], [-75.14609099977545, 39.92754800012986], [-75.14627999992133, 39.92757300023496], [-75.14641100034089, 39.927589999694966], [-75.14666499988579, 39.927622999728875], [-75.14698499955294, 39.927664999936816], [-75.14694000024541, 39.92786299968456], [-75.14769299955759, 39.928081000309994], [-75.14774500033444, 39.92794600022255], [-75.14776000040305, 39.927935000264924], [-75.1477980000379, 39.92794300017163], [-75.14784300024374, 39.92794699978021], [-75.14804400008518, 39.92798699998641], [-75.14804800028314, 39.9279770002815], [-75.14809299959066, 39.927982999691274], [-75.14812899957568, 39.92788899992197], [-75.14815100021531, 39.92782100028693], [-75.14870100003621, 39.9278960002757], [-75.1489889999163, 39.92793299977146], [-75.1488969998548, 39.928157999812036], [-75.14895100028147, 39.92817400026132], [-75.14897899987055, 39.92810499997621], [-75.14913899970414, 39.928151999728705], [-75.14911899961264, 39.92820399997419], [-75.14921900007009, 39.928237999954376], [-75.14920200035164, 39.92828299982119], [-75.1493050002838, 39.92831699976214], [-75.14934499956846, 39.928208000256404], [-75.14952100019387, 39.92823100032455], [-75.15014800000766, 39.928368999882345], [-75.15025599996271, 39.92809700008839], [-75.15070600022449, 39.928156000013914], [-75.15061400016299, 39.92839099965634], [-75.1508119996314, 39.92841999972336], [-75.15173200024647, 39.92855200022958], [-75.15178499994992, 39.928291999928796], [-75.15213099955633, 39.928336000208084], [-75.15239199967222, 39.92837399970635], [-75.152333000121, 39.928630999674986], [-75.15333700040168, 39.928760999993955], [-75.1533890002802, 39.92851499969068], [-75.15370700029753, 39.92855899982664], [-75.1541140000033, 39.92861199999985], [-75.15405899975171, 39.92887499978434], [-75.15486499966566, 39.92898100028924], [-75.1549230002903, 39.92871699998783], [-75.15527399991957, 39.92876299977435], [-75.15579500032649, 39.92883600033058], [-75.15574799957251, 39.929062999930345], [-75.15579500032649, 39.929071999935395], [-75.15598199992422, 39.92909700017276], [-75.15597000022866, 39.92914599970227], [-75.15639100017816, 39.9292020001057], [-75.15641499956928, 39.92909199971268], [-75.15654400033903, 39.92910699971408], [-75.15657600012607, 39.928934999960326], [-75.15683600041706, 39.92896900026632], [-75.15740499960623, 39.929040999683444], [-75.15740899980419, 39.92909599994301], [-75.1573660001465, 39.92927999995161], [-75.1574160003752, 39.92928799970119], [-75.15774500026318, 39.9293309998028], [-75.15775000028606, 39.92930800010424], [-75.15779999961646, 39.92931400008625], [-75.1581129996109, 39.9293540001825], [-75.15816399966451, 39.92914500016211], [-75.15839299999337, 39.92917699990667], [-75.15866499997996, 39.92921200032055], [-75.15860700025362, 39.92946899989853], [-75.15959399991753, 39.92960199998211], [-75.15965500001691, 39.929339999772615], [-75.15995600031579, 39.92937999985368], [-75.16028699985358, 39.92942400012252], [-75.16023400015014, 39.92968700023164], [-75.16115300004199, 39.92980800001581], [-75.16120200044577, 39.929545999905905], [-75.16152899978563, 39.92959000006805], [-75.16179900012237, 39.92962400004872], [-75.16175399991651, 39.92987999992822], [-75.1623649998368, 39.92996000012474], [-75.16264400039437, 39.93000200027658], [-75.16265000024214, 39.9299700002288], [-75.16270799996848, 39.929977999897744], [-75.16275499982413, 39.929747999916145], [-75.1630910002831, 39.929791999948456], [-75.16336099972153, 39.92983499973353], [-75.16350399983666, 39.92983000001622], [-75.16366200002042, 39.92989599997496], [-75.16368499958664, 39.92995000001917], [-75.16393999985476, 39.93021700033872], [-75.1641249998027, 39.93010499976908], [-75.1642019997956, 39.9301870001303], [-75.16461900044543, 39.93024500010808], [-75.1646739997987, 39.9299980000992], [-75.16516599989329, 39.930068000069525], [-75.16558400036803, 39.9301200002373], [-75.16624600034193, 39.93020700027069], [-75.16681299988127, 39.930284999660316], [-75.16676100000275, 39.93052199998931], [-75.16700299985207, 39.93055699971547], [-75.1673280004404, 39.930593000320485], [-75.1673779997708, 39.93035900018249], [-75.16770599983386, 39.93039399999199], [-75.16831900030226, 39.93048000015648], [-75.16842300005935, 39.93046499976714], [-75.16868900019813, 39.92925600000851], [-75.16881899989447, 39.92865799985693], [-75.16895600016183, 39.92803500006519], [-75.16922800014838, 39.92680599966047], [-75.16949400028716, 39.92559599975448], [-75.16949900031004, 39.9255310000652], [-75.16974399963411, 39.924408999793386], [-75.17002300019168, 39.92313800022755], [-75.17030900042195, 39.92188500032538], [-75.1705810004085, 39.920653000069116], [-75.17085400021998, 39.91940999974359], [-75.17112200000858, 39.918151999948606], [-75.17131000032957, 39.91726900018873], [-75.17139499982005, 39.91688500024124], [-75.17142300030747, 39.916757000239585], [-75.17169500029402, 39.91548099980385], [-75.17181699959445, 39.914883999659146], [-75.1719250004478, 39.9143730002387], [-75.17189399958734, 39.91431499990583], [-75.1718769998689, 39.914255999766254], [-75.17188600008974, 39.914226999900876], [-75.17209500032712, 39.91320300030042], [-75.17213600033499, 39.912986000311314], [-75.17223699971902, 39.912467999958444], [-75.17225299961254, 39.91238799999368], [-75.17227100005421, 39.91233200030725], [-75.17228299974977, 39.91228199998256], [-75.17231899973478, 39.91211699989239], [-75.17240900014647, 39.91172900013103], [-75.17268699998081, 39.910576999866166], [-75.17271000044536, 39.910480000190475], [-75.1729530001196, 39.90935099980049], [-75.17297200038617, 39.90924199973182], [-75.17303599996026, 39.90891300019223], [-75.1730739995951, 39.90871800028694], [-75.173234000327, 39.90800199994101], [-75.17344799968893, 39.90715799966688], [-75.17348100019919, 39.90694099982156], [-75.17348700004698, 39.90675499999778], [-75.17349299989476, 39.906702000133336], [-75.17353300007773, 39.90559399982028], [-75.17353599955247, 39.905389999754725], [-75.17354200029857, 39.905226000180335], [-75.17355700036718, 39.90504799966023], [-75.17372300004854, 39.90425300032131], [-75.17376800025437, 39.90403399973055], [-75.17383199982848, 39.90378999999748], [-75.17385899959265, 39.90368199995116], [-75.17391200019442, 39.903480000224285], [-75.17400599990575, 39.90291100014966], [-75.17435300023537, 39.90152900009231], [-75.17439400024327, 39.90122400016567], [-75.17448600030477, 39.900765999820415], [-75.17459000006184, 39.90025499983213], [-75.17465799983391, 39.89992499989559], [-75.17478099985755, 39.89933399979043], [-75.17480799962172, 39.89917899999193], [-75.1748190003907, 39.89911500001739], [-75.1748329997361, 39.89903500030964], [-75.17485700002553, 39.89890000016037], [-75.1749180001249, 39.89860300013636]]]}, "properties": {"CODE": "19148"}}, {"type": "Feature", "geometry": {"type": "Polygon", "coordinates": [[[-75.2136730004331, 39.96003000007723], [-75.21401800021458, 39.95864299974898], [-75.21301700030696, 39.95851800010875], [-75.21134199983156, 39.95831300023169], [-75.21148199957365, 39.957540000313415], [-75.21120700011235, 39.957505999742274], [-75.21134100000666, 39.95684599984742], [-75.21135600007527, 39.95675999976555], [-75.21145700035761, 39.95631399973606], [-75.21155100006895, 39.95636999994269], [-75.21190500007125, 39.956414999903316], [-75.21196299979759, 39.956134999973145], [-75.21197399966825, 39.95605500007764], [-75.2115190002819, 39.95600000013822], [-75.21159200007682, 39.955649999988275], [-75.21167699956732, 39.955240000328196], [-75.21176600015409, 39.95481300000748], [-75.2124080000365, 39.954894999684065], [-75.21247499998366, 39.95457800019667], [-75.21237399970133, 39.954564999984285], [-75.21243999982356, 39.95425099993097], [-75.21238299992216, 39.95424400020719], [-75.21239899981569, 39.95415599988076], [-75.21246199956488, 39.9538159999971], [-75.21255699999942, 39.95337099992476], [-75.21208199962328, 39.953304999881034], [-75.21215899961618, 39.95295299994936], [-75.21217000038513, 39.952873999657115], [-75.21319499968388, 39.952999999853354], [-75.21333199995124, 39.95246200010599], [-75.21336000043864, 39.952300000110846], [-75.21279100035116, 39.95222799968377], [-75.21283800020682, 39.952004000165864], [-75.21286599979591, 39.951868999751696], [-75.2128800000396, 39.95180199973794], [-75.21270400031251, 39.951779999914386], [-75.21276799988662, 39.951468999867664], [-75.2129210000475, 39.95148700018127], [-75.21297899977381, 39.951202999730924], [-75.21302900000252, 39.95111199989972], [-75.21306499998754, 39.951045999742085], [-75.21318999966103, 39.95044999975415], [-75.21322800019418, 39.9503549999337], [-75.213490000135, 39.949008999905466], [-75.21292000022258, 39.94906499989542], [-75.21257799991582, 39.94879800010956], [-75.21227499996714, 39.94854300000661], [-75.21268300039613, 39.94822600000354], [-75.21253000023523, 39.94809700010965], [-75.21269300044187, 39.94798299996895], [-75.21258499958851, 39.947892999941146], [-75.21250299957275, 39.94795200001864], [-75.21234000026445, 39.94781000017783], [-75.21226200044664, 39.947845000015604], [-75.21219999962406, 39.94779400018701], [-75.21177399965171, 39.948119999692125], [-75.21138899968723, 39.94779600009997], [-75.21074299960686, 39.94725000033783], [-75.21010300027258, 39.94669699985397], [-75.20979199992794, 39.94643900025468], [-75.21009999989953, 39.946209999787214], [-75.20901899962597, 39.94526100011545], [-75.20889999980028, 39.945184999876474], [-75.2088720002112, 39.945208999743606], [-75.20859500020175, 39.94545000000843], [-75.20848399987368, 39.945139000107716], [-75.20837599991863, 39.94495300003844], [-75.20825899974277, 39.94484400016648], [-75.20811599962764, 39.944771000155114], [-75.20798199973335, 39.944706000079435], [-75.20785600023497, 39.94463199991811], [-75.20781299967894, 39.94455899968058], [-75.2077390000591, 39.94445899991743], [-75.2076699995638, 39.944415999678164], [-75.2075840002484, 39.94437200009409], [-75.20747499957015, 39.94432499977145], [-75.20735800029257, 39.944294000229725], [-75.20725500036043, 39.944286000167956], [-75.20706799986436, 39.944294000229725], [-75.20693399997006, 39.944294000229725], [-75.2067959998778, 39.94428200013675], [-75.20660099988412, 39.944172999884444], [-75.20644500024852, 39.944069000202106], [-75.20635800020989, 39.9440349998214], [-75.2062889997146, 39.94400900020756], [-75.20621599991966, 39.94400400014821], [-75.2061549998203, 39.94400900020756], [-75.20604699986525, 39.9440740002567], [-75.20595599962867, 39.944168999846575], [-75.20590799994807, 39.944233999743766], [-75.20579800034324, 39.94434199989189], [-75.20577800025174, 39.9443289998002], [-75.20570499955849, 39.944286000167956], [-75.20547100010508, 39.94414300028366], [-75.20542800044737, 39.944121000063035], [-75.20531299992133, 39.944101999866795], [-75.20520300031649, 39.943770999733694], [-75.20506000020136, 39.943624000080725], [-75.20522400023287, 39.943518000214645], [-75.2054729997549, 39.943334999935935], [-75.20571499960423, 39.94314899978333], [-75.20595499980375, 39.94296099975958], [-75.20618800033057, 39.94276899978822], [-75.2064169997611, 39.942572999835754], [-75.20664299971692, 39.94237499993913], [-75.20707500043537, 39.9419669999941], [-75.20728999962222, 39.941762000097754], [-75.20750999973025, 39.94155999973008], [-75.2077390000591, 39.94136599985898], [-75.2078379997933, 39.941285999908146], [-75.2070989998265, 39.94128100033857], [-75.20685600015226, 39.941263000094374], [-75.20608100020044, 39.94120399975816], [-75.20587799981087, 39.94118500012933], [-75.20528600015716, 39.941130999995536], [-75.2051849998748, 39.94111599987426], [-75.20508699996553, 39.94150799998901], [-75.20500499994975, 39.94180399989473], [-75.20490100019268, 39.942045999796974], [-75.20475600042774, 39.94228700018377], [-75.20457700032757, 39.94254899973269], [-75.20432600025742, 39.94283499966697], [-75.2041489998071, 39.94299099987858], [-75.20392200002638, 39.94314899978333], [-75.20361800025276, 39.943334999935935], [-75.2031560002954, 39.94359100018554], [-75.20236999957463, 39.943798000141626], [-75.2017970001875, 39.943914999719986], [-75.20131500013866, 39.94397699982159], [-75.20094900044074, 39.94399800007658], [-75.20063899992104, 39.944011000231164], [-75.20037000030753, 39.943990999992295], [-75.20017000029098, 39.94395600024892], [-75.19979000034941, 39.94382499985017], [-75.19687100029213, 39.94272999998652], [-75.19594400000436, 39.94239199985535], [-75.19564600007854, 39.94230500015857], [-75.19523400034987, 39.942217000313214], [-75.19497099968582, 39.942191000008535], [-75.1944629996977, 39.9421560000331], [-75.19398499984682, 39.942153999955266], [-75.19387199986892, 39.94209999989741], [-75.19370899966232, 39.94226500005508], [-75.19267599996763, 39.9426789997884], [-75.19155899970907, 39.94312799995652], [-75.19149500013496, 39.94315299988078], [-75.19145199957896, 39.9431990002962], [-75.18872000001775, 39.94610799972022], [-75.18829900006826, 39.94640900027015], [-75.18730400000844, 39.94712299991355], [-75.18723100021349, 39.94717600017347], [-75.18714099980181, 39.94722199995005], [-75.1856339995559, 39.9480210002665], [-75.18515499988011, 39.948386000110474], [-75.18425899955449, 39.948904000059], [-75.1832879997841, 39.949512000299165], [-75.18166300043572, 39.951509000099065], [-75.18096100027884, 39.95288299997398], [-75.18090900040032, 39.95298199993787], [-75.18022300013696, 39.95447200008807], [-75.17992100001318, 39.95534100001581], [-75.17988900022613, 39.955435999797174], [-75.17987300033258, 39.9555090001339], [-75.17976799985229, 39.9559929999049], [-75.1797200001717, 39.95616399998964], [-75.17961100039176, 39.95650600025356], [-75.17932699981134, 39.95738000027307], [-75.17912599996987, 39.9580039998972], [-75.17989699972371, 39.959927999961515], [-75.17991400034047, 39.95997199986805], [-75.17993699990669, 39.96002799983339], [-75.18000999970162, 39.96011699995444], [-75.18003499981597, 39.96014499988346], [-75.18089500015661, 39.961167000118415], [-75.18160099961312, 39.96200600032139], [-75.18167900032925, 39.96209900030017], [-75.18324299957824, 39.964262000079366], [-75.1833229999442, 39.96437399982228], [-75.18336800015004, 39.96441999973726], [-75.1838529996736, 39.96493500030996], [-75.18497599977995, 39.96612900019411], [-75.18851400015342, 39.96840799986697], [-75.1910120002612, 39.97003400012483], [-75.19305500008433, 39.97385199984071], [-75.19373100030192, 39.97511399975872], [-75.19372399973092, 39.97528500021158], [-75.19397499980109, 39.97525900008576], [-75.19423099989413, 39.97523100015101], [-75.19440400014649, 39.97521299989189], [-75.19460900018589, 39.97519200027199], [-75.19464000014804, 39.97518900022741], [-75.19466100006444, 39.97518600018271], [-75.19489700006599, 39.97516199982034], [-75.19499300032545, 39.97515099988093], [-75.19541099990188, 39.97510200025438], [-75.19556099968972, 39.975085000207116], [-75.19575499985848, 39.9750630003017], [-75.19826800003487, 39.974782000073205], [-75.1983969999063, 39.97476800000958], [-75.19880899963495, 39.97472200017365], [-75.19899299975795, 39.97470099971447], [-75.19950499994403, 39.97464600031701], [-75.20173699991304, 39.97439400029629], [-75.20315299992235, 39.974244999855166], [-75.20372000036001, 39.97418200008375], [-75.20436200024243, 39.97441699998431], [-75.20662500017357, 39.97524699991847], [-75.20690700020587, 39.97535300017611], [-75.20789100039505, 39.97571699984832], [-75.20859799967648, 39.97598099985001], [-75.20932099974976, 39.97624999997617], [-75.21035699981748, 39.97663599978397], [-75.21128900012812, 39.97698299993131], [-75.21346900021858, 39.97779099996303], [-75.21330500018706, 39.977217000311526], [-75.21312100006405, 39.97654500006669], [-75.21300899991105, 39.976137999727285], [-75.21261399990084, 39.974720999922454], [-75.21242099955698, 39.973982999867125], [-75.21221100039303, 39.97324199997376], [-75.21282099959008, 39.97317399997406], [-75.2138859999701, 39.97305400005257], [-75.21369000015152, 39.97201999984789], [-75.2132809998976, 39.972064999835496], [-75.21314500035348, 39.97135799969682], [-75.21313100010978, 39.97128699967219], [-75.2128430002297, 39.97132100027495], [-75.2127670000617, 39.970933999744624], [-75.2125200001895, 39.970774999686846], [-75.21246199956488, 39.970739000258874], [-75.21240100036383, 39.97041299979509], [-75.2120690001028, 39.97021100004525], [-75.21265599973363, 39.969644000281264], [-75.21271799965791, 39.969582999675524], [-75.2126399998401, 39.96953600015356], [-75.21289500010823, 39.969381999867664], [-75.21285999994814, 39.969111999914794], [-75.21316999956953, 39.9690869998397], [-75.21314299980536, 39.96888100033253], [-75.21309799959951, 39.96852900002543], [-75.21305900013975, 39.96823100009715], [-75.2130540001169, 39.96817499996567], [-75.21305199956873, 39.96814800023009], [-75.2130340000254, 39.96801500002559], [-75.21272199985587, 39.96804199981369], [-75.21268900024391, 39.967766999688166], [-75.21364999996854, 39.967696000064414], [-75.21358100037156, 39.96713300016575], [-75.21318999966103, 39.96716599971909], [-75.21316299989684, 39.966959999930886], [-75.21259299998442, 39.96700899988665], [-75.2125479997786, 39.96664499996676], [-75.21272199985587, 39.96663199998295], [-75.21256600022025, 39.96552400011708], [-75.21229699970841, 39.96554299987094], [-75.21225800024868, 39.96521799980329], [-75.21244800021947, 39.96518999988614], [-75.21288500006249, 39.96516199995757], [-75.21283099963581, 39.96471299983157], [-75.21227999998999, 39.96475000007615], [-75.21220200017218, 39.96475000007615], [-75.21217100021005, 39.96448899989602], [-75.21216299981413, 39.96441100025027], [-75.21276500041189, 39.964366000043455], [-75.21322800019418, 39.964330999709055], [-75.21317100029276, 39.96389099987882], [-75.21301499975883, 39.96265899974862], [-75.21305999996467, 39.96257699974227], [-75.21340200027143, 39.96115399978152], [-75.2115410000232, 39.96087799972535], [-75.21156500031265, 39.96082499975418], [-75.2117810002227, 39.960339000207945], [-75.21200999965325, 39.95985800023962], [-75.21204300016352, 39.959789000227175], [-75.2136730004331, 39.96003000007723]]]}, "properties": {"CODE": "19104"}}, {"type": "Feature", "geometry": {"type": "Polygon", "coordinates": [[[-75.19372399973092, 39.97528500021158], [-75.19373100030192, 39.97511399975872], [-75.19305500008433, 39.97385199984071], [-75.1910120002612, 39.97003400012483], [-75.18851400015342, 39.96840799986697], [-75.18497599977995, 39.96612900019411], [-75.1838529996736, 39.96493500030996], [-75.18336800015004, 39.96441999973726], [-75.1833229999442, 39.96437399982228], [-75.18324299957824, 39.964262000079366], [-75.18167900032925, 39.96209900030017], [-75.18160099961312, 39.96200600032139], [-75.18089500015661, 39.961167000118415], [-75.18003499981597, 39.96014499988346], [-75.18000999970162, 39.96011699995444], [-75.17993699990669, 39.96002799983339], [-75.17941499967488, 39.95995299994321], [-75.17924200032083, 39.95993099998734], [-75.17907900011421, 39.95991100027171], [-75.17820200005515, 39.959803999696945], [-75.17742700010334, 39.95970199993264], [-75.17713400020038, 39.95966399992757], [-75.17548200018952, 39.95944800033103], [-75.17429600033398, 39.95929700009625], [-75.17388799990498, 39.95924400027679], [-75.17325299969525, 39.95917000000548], [-75.17267799976, 39.9591030002583], [-75.17219099968827, 39.95902899983441], [-75.1720020004407, 39.95900700026983], [-75.17198800019699, 39.959045999743445], [-75.17197999980105, 39.95909499986276], [-75.17196399990755, 39.95914099988661], [-75.17191000037919, 39.95928799993494], [-75.17174700017256, 39.9600290002996], [-75.17168000022541, 39.96034299998878], [-75.17158300014104, 39.96079499988227], [-75.17077200020421, 39.96069399998707], [-75.17000200027529, 39.96059800016655], [-75.1700659998494, 39.960297000085006], [-75.16999499970427, 39.96028599981899], [-75.16974100015938, 39.96025299969899], [-75.16850199970207, 39.96009599982799], [-75.16842899990714, 39.96040000011105], [-75.16799200006412, 39.960348000230915], [-75.16686800013287, 39.96020599995964], [-75.1669479996005, 39.959803999696945], [-75.16537400030575, 39.95960000001624], [-75.16529499976471, 39.96001199994638], [-75.16371100042423, 39.95981500004044], [-75.1620900003755, 39.95960699988034], [-75.16202500007816, 39.959589000326666], [-75.16195899995593, 39.95957100007973], [-75.16177200035818, 39.96042100014409], [-75.16164500013657, 39.96102099974134], [-75.16155399989998, 39.96144199993959], [-75.16150600021942, 39.961660000318886], [-75.16147600008217, 39.96178900010861], [-75.16138900004354, 39.96216800004714], [-75.16137599962474, 39.9622250000251], [-75.16140900013502, 39.96234499967847], [-75.16138400002067, 39.96247400024145], [-75.1613020000049, 39.96289400001985], [-75.1612600001721, 39.96312600028635], [-75.16118800020209, 39.96342200029068], [-75.16111000038428, 39.96378800029192], [-75.16105299958456, 39.96404000016974], [-75.1609570002234, 39.96446900013659], [-75.16080400006253, 39.965159000161265], [-75.16067799966582, 39.96577000025378], [-75.16056100038828, 39.96629400022474], [-75.16048199984726, 39.96667000024644], [-75.1603949998086, 39.96706399992163], [-75.16021300023374, 39.96788800029275], [-75.16015899980707, 39.96817699997115], [-75.16007199976843, 39.96859899982014], [-75.15997700023219, 39.968995000062996], [-75.15970199987257, 39.97020199994366], [-75.15944199958156, 39.971466999998306], [-75.16028600002866, 39.971576000126014], [-75.16022300027947, 39.971851999678286], [-75.1604579995578, 39.97188499970731], [-75.16041999992296, 39.97205900016012], [-75.16103699969102, 39.97213000007124], [-75.1610199999726, 39.972236999943405], [-75.16258800031787, 39.972440999782485], [-75.16262900032575, 39.972236999943405], [-75.16279199963407, 39.972266000015004], [-75.16291999968058, 39.97231200012712], [-75.16327500040612, 39.97235699992248], [-75.16326100016242, 39.97244799970875], [-75.16365100014977, 39.972515999742306], [-75.163681000287, 39.97241199978508], [-75.16417900022937, 39.97248699977678], [-75.16427799996356, 39.972081000344076], [-75.1658499996085, 39.97229399978764], [-75.16633599985529, 39.97235500003929], [-75.1665390002449, 39.97238000029598], [-75.16742100032683, 39.97249300010301], [-75.16721999958705, 39.97339700009475], [-75.16887400014606, 39.97319700007262], [-75.17025900019324, 39.97303599990846], [-75.17030000020111, 39.97287199990719], [-75.1703350003612, 39.97287600033168], [-75.17100400000781, 39.972948999948414], [-75.17654099982344, 39.972310000242615], [-75.17702799989516, 39.97237399995982], [-75.17753800043143, 39.972437000020975], [-75.17786200029653, 39.97247999985445], [-75.17786300012142, 39.97383200006679], [-75.1778520002508, 39.974246999683054], [-75.1779529996348, 39.97420900018958], [-75.17825099956063, 39.97421700019341], [-75.17823300001729, 39.97430500017349], [-75.178423999813, 39.974319999900665], [-75.17876600011977, 39.97436499975076], [-75.17949099984284, 39.974458999693965], [-75.17951000010943, 39.97437899989699], [-75.1795720000337, 39.9743889997046], [-75.17964700037678, 39.97440200027847], [-75.18028000003837, 39.97448500012413], [-75.18027199964244, 39.9745230001525], [-75.1803600004043, 39.97453100011958], [-75.18082599966131, 39.97458800011591], [-75.1812890003419, 39.97464000017978], [-75.18177999971326, 39.974703999780466], [-75.18187900034579, 39.97471700029436], [-75.18186799957681, 39.9747720003231], [-75.18291799988823, 39.974907999828616], [-75.18327600008851, 39.974954000227775], [-75.18330100020289, 39.974830999929225], [-75.18340800033302, 39.97485100009918], [-75.18354399987713, 39.97487600013129], [-75.18470899981627, 39.97502100027486], [-75.1850340004046, 39.975062000055495], [-75.18512499974287, 39.975073000009274], [-75.18510800002444, 39.97516000001922], [-75.18533200033043, 39.97519299982788], [-75.18559799957089, 39.97524000027882], [-75.18602199989343, 39.975294999886664], [-75.18659199980583, 39.9753719999517], [-75.18668399986733, 39.97497999978121], [-75.18693800031055, 39.97501200011821], [-75.18705899978605, 39.975027999936934], [-75.18712099971033, 39.97503500028666], [-75.18821299985453, 39.97517500024716], [-75.18996100012487, 39.975402999863924], [-75.19062300009878, 39.97548599987075], [-75.19099499964445, 39.97553100032993], [-75.19133299975326, 39.9755439999981], [-75.19181700035024, 39.97549300017355], [-75.1922719997366, 39.975442000311006], [-75.1930600001072, 39.975353999729656], [-75.19372399973092, 39.97528500021158]]]}, "properties": {"CODE": "19130"}}, {"type": "Feature", "geometry": {"type": "Polygon", "coordinates": [[[-75.1832459999513, 39.94780299979494], [-75.18329600018001, 39.947592999681945], [-75.18279800023763, 39.94752199977015], [-75.1827170000468, 39.9475250003402], [-75.18264400025186, 39.947527000261026], [-75.1824860000681, 39.94750599971192], [-75.18250500033467, 39.947421000243885], [-75.18251100018246, 39.947395999813104], [-75.18240300022744, 39.94738300030173], [-75.18213999956338, 39.947350000153584], [-75.18172899965965, 39.947299999919636], [-75.18170699991833, 39.947395999813104], [-75.18159399994043, 39.947380999687994], [-75.18150199987892, 39.947342999723574], [-75.18143199955871, 39.947314000099], [-75.18122099967152, 39.94728599973741], [-75.18087199969206, 39.94724000000392], [-75.18070600001072, 39.94724799972022], [-75.18054799982697, 39.94722699977416], [-75.18057499959114, 39.94702499970148], [-75.18042999982619, 39.94700700027974], [-75.18038299997053, 39.94720899971692], [-75.18007900019691, 39.94717600017347], [-75.18008400021978, 39.947151000341854], [-75.17946099970563, 39.94706099990816], [-75.17937500039022, 39.94706499977689], [-75.17928099978057, 39.94704599970955], [-75.17902999971041, 39.947003999686984], [-75.17886499985397, 39.94698299966602], [-75.17881399980034, 39.94697699985566], [-75.17877799981532, 39.94697299998173], [-75.17833699977434, 39.94691399974858], [-75.17834400034536, 39.946881000062845], [-75.17822100032173, 39.94686199994446], [-75.17810999999365, 39.94684399979112], [-75.17768999986907, 39.94679599981824], [-75.17769300024212, 39.94678000027896], [-75.1776210002721, 39.9467719998192], [-75.17759500033283, 39.946909999870975], [-75.17746100043853, 39.946892999700005], [-75.17740500036203, 39.94688200003274], [-75.17732099979813, 39.946864999854746], [-75.17734500008757, 39.946743999924415], [-75.17707399992592, 39.946710000184396], [-75.17671800027377, 39.946668999928484], [-75.17668700031165, 39.94683000020428], [-75.17660199992282, 39.94681200004253], [-75.1765230002801, 39.94679499984715], [-75.17641600014997, 39.946782000221575], [-75.17642399964758, 39.94674899978351], [-75.17631300021782, 39.94673600014919], [-75.17631599969256, 39.946717999962715], [-75.17614499998832, 39.94669699985397], [-75.17616799955455, 39.94658999995402], [-75.1758250003212, 39.946545999702046], [-75.17579600000887, 39.946692999963666], [-75.17573800028255, 39.94668700012786], [-75.17576800041978, 39.94653899987851], [-75.17567499963504, 39.94652900012927], [-75.1756350003504, 39.94652400025414], [-75.17560699986299, 39.946655000305825], [-75.17555300033462, 39.94664899977794], [-75.17556300038038, 39.946604000278725], [-75.17550700030387, 39.94659699977238], [-75.17549999973286, 39.94662800033671], [-75.17534200044743, 39.94660800017418], [-75.17534400009725, 39.94659499982437], [-75.17523299976918, 39.94658100018656], [-75.17525700005862, 39.94647600005674], [-75.17520099998212, 39.946469000226045], [-75.17518000006572, 39.94655300021361], [-75.17512399998924, 39.946545999702046], [-75.17511800014145, 39.94657199972917], [-75.17506299988986, 39.94656399993378], [-75.17506999956257, 39.94653100007926], [-75.17496099978261, 39.94651799971482], [-75.17492700034573, 39.94667499976592], [-75.17475200044355, 39.9466529996708], [-75.17465399963595, 39.9466400000182], [-75.17458199966592, 39.94663000028376], [-75.17460000010759, 39.946550000289584], [-75.17445000031975, 39.94652300027907], [-75.17445600016754, 39.94649099969163], [-75.1742979999838, 39.946469000226045], [-75.1743339999688, 39.94629999996312], [-75.1743470003876, 39.94624399977579], [-75.17395700040025, 39.946192000151036], [-75.1739110003695, 39.946394999905536], [-75.17373800011715, 39.9463699997885], [-75.17375499983557, 39.94629000017899], [-75.17330200009906, 39.94623100004545], [-75.17328700003043, 39.94629999996312], [-75.17321800043345, 39.94629100015746], [-75.17322500010616, 39.94625500023434], [-75.17312800002178, 39.94622900008674], [-75.17155399982872, 39.94601300006797], [-75.16999499970427, 39.94580499994096], [-75.16842100040954, 39.9455909999383], [-75.16833900039377, 39.945960000284344], [-75.16830099986062, 39.946133999913805], [-75.16841499966343, 39.946155000195375], [-75.16864700036533, 39.946183000331175], [-75.16863200029672, 39.94626400004473], [-75.16857399967209, 39.946544999727294], [-75.16853400038744, 39.94653999985334], [-75.16851400029594, 39.94663000028376], [-75.16854199988504, 39.946634000177745], [-75.16846499989215, 39.94707600010343], [-75.16845499984639, 39.94716299993161], [-75.16808699960036, 39.94712000001452], [-75.16802999969896, 39.94738600018918], [-75.16859600031171, 39.94745800020358], [-75.16858999956561, 39.9475440002745], [-75.16849400020446, 39.94798000010768], [-75.16853100001437, 39.94798399992268], [-75.1685119997478, 39.948079000281325], [-75.16835100008932, 39.94805899985432], [-75.16834400041662, 39.948087999851715], [-75.16826999989847, 39.948079000281325], [-75.1682439999592, 39.9481940002127], [-75.16786800021556, 39.948148999663715], [-75.16777000030628, 39.948605000046165], [-75.16768900011543, 39.948973999974555], [-75.16925099971459, 39.949173999928846], [-75.16920700023199, 39.94939100023016], [-75.16763399986385, 39.94923500014975], [-75.16751699968799, 39.94974399982722], [-75.16742899982441, 39.95015599991109], [-75.16735400037967, 39.95050899969224], [-75.16729699957995, 39.9507690002954], [-75.16719500037101, 39.95126300030257], [-75.16706800014941, 39.9518359997017], [-75.16699100015651, 39.952180999937994], [-75.16685700026221, 39.952778999760156], [-75.16661600023778, 39.95379800029641], [-75.16649200038923, 39.95427199978652], [-75.16636500016763, 39.95481600025776], [-75.16780299991824, 39.95593499971462], [-75.16759700005392, 39.9568410000378], [-75.16739299983942, 39.95775300030696], [-75.16730099977791, 39.9581660001531], [-75.16728099968643, 39.958258999846066], [-75.16723300000585, 39.95843100026283], [-75.16711800037812, 39.958408000016014], [-75.16565799998787, 39.95823000002938], [-75.16563799989639, 39.95831099993764], [-75.16561000030731, 39.958429999773294], [-75.16558699984274, 39.95852299979576], [-75.16552099972053, 39.95883899979352], [-75.16544000042799, 39.959235000108514], [-75.16541799978836, 39.95935699976437], [-75.16537400030575, 39.95960000001624], [-75.1669479996005, 39.959803999696945], [-75.16686800013287, 39.96020599995964], [-75.16799200006412, 39.960348000230915], [-75.16842899990714, 39.96040000011105], [-75.16850199970207, 39.96009599982799], [-75.16974100015938, 39.96025299969899], [-75.16999499970427, 39.96028599981899], [-75.1700659998494, 39.960297000085006], [-75.17000200027529, 39.96059800016655], [-75.17077200020421, 39.96069399998707], [-75.17158300014104, 39.96079499988227], [-75.17168000022541, 39.96034299998878], [-75.17174700017256, 39.9600290002996], [-75.17191000037919, 39.95928799993494], [-75.17196399990755, 39.95914099988661], [-75.17197999980105, 39.95909499986276], [-75.17198800019699, 39.959045999743445], [-75.1720020004407, 39.95900700026983], [-75.17219099968827, 39.95902899983441], [-75.17267799976, 39.9591030002583], [-75.17325299969525, 39.95917000000548], [-75.17388799990498, 39.95924400027679], [-75.17429600033398, 39.95929700009625], [-75.17548200018952, 39.95944800033103], [-75.17713400020038, 39.95966399992757], [-75.17742700010334, 39.95970199993264], [-75.17820200005515, 39.959803999696945], [-75.17907900011421, 39.95991100027171], [-75.17924200032083, 39.95993099998734], [-75.17941499967488, 39.95995299994321], [-75.17993699990669, 39.96002799983339], [-75.17991400034047, 39.95997199986805], [-75.17989699972371, 39.959927999961515], [-75.17912599996987, 39.9580039998972], [-75.17932699981134, 39.95738000027307], [-75.17961100039176, 39.95650600025356], [-75.1797200001717, 39.95616399998964], [-75.17976799985229, 39.9559929999049], [-75.17987300033258, 39.9555090001339], [-75.17988900022613, 39.955435999797174], [-75.17992100001318, 39.95534100001581], [-75.18022300013696, 39.95447200008807], [-75.18090900040032, 39.95298199993787], [-75.18096100027884, 39.95288299997398], [-75.18166300043572, 39.951509000099065], [-75.1832879997841, 39.949512000299165], [-75.18275100038197, 39.94936900031982], [-75.18257599958146, 39.94928499965806], [-75.18221400008154, 39.94922200029915], [-75.18113399963289, 39.94900799996672], [-75.18121099962579, 39.94865300012707], [-75.18129900038765, 39.948294999975026], [-75.18245199973292, 39.948427000026015], [-75.18251399965719, 39.948103999773814], [-75.18260099969582, 39.94773799984525], [-75.1826760000389, 39.9477450002348], [-75.18322099983695, 39.94780099988218], [-75.1832459999513, 39.94780299979494]]]}, "properties": {"CODE": "19103"}}, {"type": "Feature", "geometry": {"type": "Polygon", "coordinates": [[[-75.16920700023199, 39.94939100023016], [-75.16925099971459, 39.949173999928846], [-75.16768900011543, 39.948973999974555], [-75.16777000030628, 39.948605000046165], [-75.16786800021556, 39.948148999663715], [-75.1682439999592, 39.9481940002127], [-75.16826999989847, 39.948079000281325], [-75.16834400041662, 39.948087999851715], [-75.16835100008932, 39.94805899985432], [-75.1685119997478, 39.948079000281325], [-75.16853100001437, 39.94798399992268], [-75.16849400020446, 39.94798000010768], [-75.16858999956561, 39.9475440002745], [-75.16859600031171, 39.94745800020358], [-75.16802999969896, 39.94738600018918], [-75.16808699960036, 39.94712000001452], [-75.16845499984639, 39.94716299993161], [-75.16846499989215, 39.94707600010343], [-75.16854199988504, 39.946634000177745], [-75.16851400029594, 39.94663000028376], [-75.16853400038744, 39.94653999985334], [-75.16857399967209, 39.946544999727294], [-75.16863200029672, 39.94626400004473], [-75.16864700036533, 39.946183000331175], [-75.16841499966343, 39.946155000195375], [-75.16830099986062, 39.946133999913805], [-75.16833900039377, 39.945960000284344], [-75.16842100040954, 39.9455909999383], [-75.16844300015083, 39.945523999973645], [-75.16810199966899, 39.94546799983982], [-75.16765899997819, 39.94541199966012], [-75.16730999999874, 39.945376999954945], [-75.16721799993722, 39.945365000051936], [-75.16687200033081, 39.945320999700805], [-75.16617400037191, 39.94523100030308], [-75.16607999976226, 39.94567300034023], [-75.1651530003728, 39.945557000313954], [-75.16503000034916, 39.946175999781794], [-75.16502500032628, 39.94619999998992], [-75.16501699993037, 39.946239999859], [-75.16500299968666, 39.94631099972397], [-75.16493699956443, 39.946637000098036], [-75.16484500040124, 39.94699899984658], [-75.1647519996165, 39.94742400012972], [-75.16457900026245, 39.94821599981225], [-75.16446799993437, 39.94873299972795], [-75.16433800023803, 39.94934599977998], [-75.16426000042021, 39.94973700033086], [-75.1642520000243, 39.949770999943794], [-75.1641740002065, 39.950112999809406], [-75.16401099999989, 39.950875999856635], [-75.16393700038005, 39.951200999917575], [-75.16387100025779, 39.95149500008956], [-75.16387700010557, 39.95151999971094], [-75.16391700028854, 39.95156400020684], [-75.16399599993126, 39.95162499967371], [-75.16419400029798, 39.95164299994625], [-75.16436099980426, 39.95166900010206], [-75.1645340000566, 39.951693999659845], [-75.1647159996315, 39.951723000182156], [-75.16489599955655, 39.951758999982346], [-75.1650549995652, 39.951810000298025], [-75.16518000013698, 39.95188400026997], [-75.1652439997111, 39.95199999989728], [-75.16529899996267, 39.952283999792954], [-75.16522600016775, 39.95257599966853], [-75.16506299996112, 39.95360800018285], [-75.16391800011345, 39.95343600003078], [-75.1634000000796, 39.95336599986104], [-75.16332300008672, 39.9533549998574], [-75.16319199966715, 39.95391400012073], [-75.16309299993294, 39.95439999988158], [-75.16288600024372, 39.95532899979487], [-75.162687999877, 39.956226999840574], [-75.16237400005764, 39.95764499998584], [-75.16235999981393, 39.95771899984173], [-75.16233899989754, 39.95782499973777], [-75.16231899980603, 39.95792999966113], [-75.16229299986676, 39.95805799979559], [-75.162174999866, 39.958546999803254], [-75.1621179999646, 39.95882100003769], [-75.16205799969012, 39.959100999987356], [-75.16195899995593, 39.95957100007973], [-75.16202500007816, 39.959589000326666], [-75.1620900003755, 39.95960699988034], [-75.16371100042423, 39.95981500004044], [-75.16529499976471, 39.96001199994638], [-75.16537400030575, 39.95960000001624], [-75.16541799978836, 39.95935699976437], [-75.16544000042799, 39.959235000108514], [-75.16552099972053, 39.95883899979352], [-75.16558699984274, 39.95852299979576], [-75.16561000030731, 39.958429999773294], [-75.16563799989639, 39.95831099993764], [-75.16565799998787, 39.95823000002938], [-75.16711800037812, 39.958408000016014], [-75.16723300000585, 39.95843100026283], [-75.16728099968643, 39.958258999846066], [-75.16730099977791, 39.9581660001531], [-75.16739299983942, 39.95775300030696], [-75.16759700005392, 39.9568410000378], [-75.16780299991824, 39.95593499971462], [-75.16636500016763, 39.95481600025776], [-75.16649200038923, 39.95427199978652], [-75.16661600023778, 39.95379800029641], [-75.16685700026221, 39.952778999760156], [-75.16699100015651, 39.952180999937994], [-75.16706800014941, 39.9518359997017], [-75.16719500037101, 39.95126300030257], [-75.16729699957995, 39.9507690002954], [-75.16735400037967, 39.95050899969224], [-75.16742899982441, 39.95015599991109], [-75.16751699968799, 39.94974399982722], [-75.16763399986385, 39.94923500014975], [-75.16920700023199, 39.94939100023016]]]}, "properties": {"CODE": "19102"}}, {"type": "Feature", "geometry": {"type": "Polygon", "coordinates": [[[-75.16842300005935, 39.93046499976714], [-75.16831900030226, 39.93048000015648], [-75.16770599983386, 39.93039399999199], [-75.1673779997708, 39.93035900018249], [-75.1673280004404, 39.930593000320485], [-75.16700299985207, 39.93055699971547], [-75.16676100000275, 39.93052199998931], [-75.16681299988127, 39.930284999660316], [-75.16624600034193, 39.93020700027069], [-75.16558400036803, 39.9301200002373], [-75.16516599989329, 39.930068000069525], [-75.1646739997987, 39.9299980000992], [-75.16461900044543, 39.93024500010808], [-75.1642019997956, 39.9301870001303], [-75.1641249998027, 39.93010499976908], [-75.16393999985476, 39.93021700033872], [-75.16368499958664, 39.92995000001917], [-75.16366200002042, 39.92989599997496], [-75.16350399983666, 39.92983000001622], [-75.16336099972153, 39.92983499973353], [-75.1630910002831, 39.929791999948456], [-75.16275499982413, 39.929747999916145], [-75.16270799996848, 39.929977999897744], [-75.16265000024214, 39.9299700002288], [-75.16264400039437, 39.93000200027658], [-75.1623649998368, 39.92996000012474], [-75.16175399991651, 39.92987999992822], [-75.16179900012237, 39.92962400004872], [-75.16152899978563, 39.92959000006805], [-75.16120200044577, 39.929545999905905], [-75.16115300004199, 39.92980800001581], [-75.16023400015014, 39.92968700023164], [-75.16028699985358, 39.92942400012252], [-75.15995600031579, 39.92937999985368], [-75.15965500001691, 39.929339999772615], [-75.15959399991753, 39.92960199998211], [-75.15860700025362, 39.92946899989853], [-75.15866499997996, 39.92921200032055], [-75.15839299999337, 39.92917699990667], [-75.15816399966451, 39.92914500016211], [-75.1581129996109, 39.9293540001825], [-75.15779999961646, 39.92931400008625], [-75.15775000028606, 39.92930800010424], [-75.15774500026318, 39.9293309998028], [-75.1574160003752, 39.92928799970119], [-75.1573660001465, 39.92927999995161], [-75.15740899980419, 39.92909599994301], [-75.15740499960623, 39.929040999683444], [-75.15683600041706, 39.92896900026632], [-75.15657600012607, 39.928934999960326], [-75.15654400033903, 39.92910699971408], [-75.15641499956928, 39.92909199971268], [-75.15639100017816, 39.9292020001057], [-75.15597000022866, 39.92914599970227], [-75.15598199992422, 39.92909700017276], [-75.15579500032649, 39.929071999935395], [-75.15574799957251, 39.929062999930345], [-75.15579500032649, 39.92883600033058], [-75.15527399991957, 39.92876299977435], [-75.1549230002903, 39.92871699998783], [-75.15486499966566, 39.92898100028924], [-75.15405899975171, 39.92887499978434], [-75.1541140000033, 39.92861199999985], [-75.15370700029753, 39.92855899982664], [-75.1533890002802, 39.92851499969068], [-75.15333700040168, 39.928760999993955], [-75.152333000121, 39.928630999674986], [-75.15239199967222, 39.92837399970635], [-75.15213099955633, 39.928336000208084], [-75.15178499994992, 39.928291999928796], [-75.15173200024647, 39.92855200022958], [-75.1508119996314, 39.92841999972336], [-75.15061400016299, 39.92839099965634], [-75.15070600022449, 39.928156000013914], [-75.15025599996271, 39.92809700008839], [-75.15014800000766, 39.928368999882345], [-75.14952100019387, 39.92823100032455], [-75.14934499956846, 39.928208000256404], [-75.1493050002838, 39.92831699976214], [-75.14920200035164, 39.92828299982119], [-75.14921900007009, 39.928237999954376], [-75.14911899961264, 39.92820399997419], [-75.14913899970414, 39.928151999728705], [-75.14897899987055, 39.92810499997621], [-75.14895100028147, 39.92817400026132], [-75.1488969998548, 39.928157999812036], [-75.1489889999163, 39.92793299977146], [-75.14870100003621, 39.9278960002757], [-75.14815100021531, 39.92782100028693], [-75.14812899957568, 39.92788899992197], [-75.14809299959066, 39.927982999691274], [-75.14804800028314, 39.9279770002815], [-75.14804400008518, 39.92798699998641], [-75.14784300024374, 39.92794699978021], [-75.1477980000379, 39.92794300017163], [-75.14776000040305, 39.927935000264924], [-75.14774500033444, 39.92794600022255], [-75.14769299955759, 39.928081000309994], [-75.14694000024541, 39.92786299968456], [-75.14698499955294, 39.927664999936816], [-75.14666499988579, 39.927622999728875], [-75.14641100034089, 39.927589999694966], [-75.14627999992133, 39.92757300023496], [-75.14609099977545, 39.92754800012986], [-75.14501200005002, 39.927396000176245], [-75.14492300036154, 39.92738399987544], [-75.14477900042151, 39.9273649998542], [-75.1447579996068, 39.927493000004326], [-75.14470499990335, 39.92774900027549], [-75.14465300002482, 39.92798399993729], [-75.14458400042786, 39.92822899983973], [-75.14449400001617, 39.92854300015622], [-75.14448399997042, 39.92857899975386], [-75.14443100026698, 39.92876599978933], [-75.14435799957373, 39.92903100013248], [-75.14429800019757, 39.92929600013865], [-75.14419100006745, 39.9298020000771], [-75.14401399961714, 39.930457000155116], [-75.14387300005014, 39.93111299967663], [-75.14359600004072, 39.932412999727134], [-75.14341899959038, 39.93322199971514], [-75.14315599982466, 39.933332999838534], [-75.14286999959438, 39.93330499995473], [-75.14215999993989, 39.9332069999267], [-75.14120599988796, 39.933076999785456], [-75.14120400023813, 39.93310599993371], [-75.14137800031541, 39.93312999990462], [-75.14191100041788, 39.933201000285926], [-75.14181000013554, 39.933681999668046], [-75.1417440000133, 39.93367300026913], [-75.1417790001734, 39.93352200030461], [-75.14174900003617, 39.93351600000267], [-75.14174099964025, 39.93355100026436], [-75.14167500041634, 39.93354099999463], [-75.14086600012934, 39.93343000020857], [-75.14084600003785, 39.93343900032822], [-75.14073399988484, 39.934007000129434], [-75.14188100028065, 39.934156000089985], [-75.14188299993047, 39.9342140001487], [-75.14187700008269, 39.93426300014815], [-75.14187500043286, 39.93431099995892], [-75.1418779999076, 39.93435700011911], [-75.14188299993047, 39.93440099994393], [-75.14189399980113, 39.93444199997443], [-75.14191399989262, 39.93447900006482], [-75.1419490000527, 39.93450899976973], [-75.14197900018995, 39.93454000030055], [-75.14201299962681, 39.934558999707924], [-75.14205600018283, 39.93457799979884], [-75.14209899984053, 39.93458699976754], [-75.14210399986341, 39.934698999891545], [-75.14205600018283, 39.93474099989076], [-75.14233800021515, 39.93483200014509], [-75.14246999956131, 39.93483600003998], [-75.14256199962283, 39.93484600012049], [-75.14258500008735, 39.93485100016022], [-75.1423080000779, 39.93537399995578], [-75.1421520004423, 39.93579300002449], [-75.14210999971118, 39.936103000262094], [-75.14208999961971, 39.93622599997621], [-75.14210899988629, 39.93795699983809], [-75.14177400015053, 39.9379470002121], [-75.14172700029486, 39.93794500001124], [-75.14122099995657, 39.9378949997917], [-75.14118300032173, 39.937887999771824], [-75.14113899994081, 39.937878000135804], [-75.14114200031386, 39.93802200012635], [-75.14150299998886, 39.93807200025309], [-75.1416450002791, 39.9381070002512], [-75.14174300018838, 39.93814100013378], [-75.14181699980824, 39.93817700019366], [-75.14185100014343, 39.93822000022124], [-75.14183699989972, 39.93826499972459], [-75.14179000004405, 39.93828599966638], [-75.14172200027198, 39.9382830000687], [-75.14167700006615, 39.93830400000496], [-75.14000300031397, 39.93800399971364], [-75.13998300022249, 39.93802300022566], [-75.13998800024537, 39.93824999966383], [-75.13999599974298, 39.93826900010761], [-75.1400200000324, 39.938278999686496], [-75.1419209995653, 39.93862999996003], [-75.14192599958818, 39.93886999989366], [-75.1418079995874, 39.93887500032813], [-75.14180000008979, 39.93902999984093], [-75.14004500014676, 39.93875500013093], [-75.14002400023035, 39.93876200006213], [-75.14000999998666, 39.93878000027545], [-75.1400190002075, 39.93907899983608], [-75.1400479996215, 39.9390920002365], [-75.14181599998332, 39.939377000076966], [-75.14182100000619, 39.939563000151956], [-75.14193099961103, 39.93956200007515], [-75.1419540000756, 39.94073799972759], [-75.14203000024357, 39.94074500014469], [-75.14209100034293, 39.940750999812884], [-75.14214200039656, 39.94075600010989], [-75.14221000016863, 39.940761999777116], [-75.1422300002601, 39.940763999895644], [-75.1423840002459, 39.94077900009408], [-75.14280199982231, 39.940818000319126], [-75.14310499977103, 39.94084800000028], [-75.1429619996559, 39.942439000128374], [-75.14260900037678, 39.944210000223336], [-75.14286299992169, 39.94424299981996], [-75.14295900018116, 39.944255999928046], [-75.14333499992479, 39.94430600032058], [-75.14336599988695, 39.9441450003034], [-75.14352099969764, 39.943453000326], [-75.14364100024655, 39.94288499972056], [-75.14510599976136, 39.943067999825445], [-75.1452430000287, 39.943087000308836], [-75.14538000029606, 39.94310600009822], [-75.14559799985594, 39.94313400010445], [-75.14581899978887, 39.943162000099235], [-75.14581999961379, 39.9429500001488], [-75.1461510000499, 39.94298599974485], [-75.14627599972337, 39.94300500025101], [-75.1462840001193, 39.94295700033959], [-75.14636500031014, 39.9429679999492], [-75.14648800033379, 39.942982000326374], [-75.14653699983927, 39.94275900017673], [-75.14690400026039, 39.94280500016829], [-75.14683200029039, 39.94316300012348], [-75.14721600042994, 39.94320399972558], [-75.14718899976744, 39.943334999935935], [-75.14783800022086, 39.94341100016384], [-75.14876399978542, 39.943523000309504], [-75.1489460002586, 39.942627000209], [-75.15053899981993, 39.942821999977674], [-75.15042599984203, 39.94334900023803], [-75.15033899980338, 39.94372999978259], [-75.15045199978128, 39.94368199969105], [-75.15052200010147, 39.943691999856384], [-75.15055200023872, 39.94354900010803], [-75.15099999995238, 39.94360599976419], [-75.15101300037117, 39.94354900010803], [-75.15107799977018, 39.94355700025597], [-75.15111999960297, 39.94335699972061], [-75.1513320002134, 39.943384000291864], [-75.15149100022205, 39.94340099995738], [-75.15164699985768, 39.94342299972085], [-75.1518050000414, 39.94344200010565], [-75.15196200040025, 39.94346199981627], [-75.15202599997434, 39.94345499967721], [-75.1519809997685, 39.94364999984088], [-75.15197099972276, 39.94369499990569], [-75.15206799980713, 39.94367200021299], [-75.15238400017464, 39.94371300019881], [-75.15237699960363, 39.943744000003846], [-75.15246399964225, 39.94375600019118], [-75.15248799993171, 39.9436439997382], [-75.15254999985598, 39.943652999892066], [-75.15252700028977, 39.943760000253135], [-75.1526360000697, 39.943780999886016], [-75.15288999961462, 39.94381499970428], [-75.15290499968322, 39.94374700005087], [-75.15296199958463, 39.94375900023767], [-75.15295800028498, 39.94377899985568], [-75.15302000020927, 39.94378699997667], [-75.1530160000113, 39.94380700027523], [-75.15308399978338, 39.94381499970428], [-75.15309600037725, 39.943753000144554], [-75.1531630003244, 39.94376300029951], [-75.15335699959485, 39.943787999991784], [-75.15334599972418, 39.94384100008052], [-75.15354499991582, 39.94388800004697], [-75.15359500014453, 39.9436640000785], [-75.1536629999166, 39.94367500026317], [-75.15447700022646, 39.94378199990116], [-75.1551690003376, 39.94386499973038], [-75.15514400022325, 39.94398799995598], [-75.15568800019638, 39.9440660001692], [-75.15573800042509, 39.94383499999459], [-75.15676400044705, 39.943964999673014], [-75.15672900028694, 39.94412000005284], [-75.15683600041706, 39.94413600021426], [-75.15751699975924, 39.944214000258754], [-75.15750599988858, 39.94427200005766], [-75.1582390000076, 39.94435800000139], [-75.15828800041139, 39.94435499998116], [-75.15824800022841, 39.944546000318795], [-75.15834600013773, 39.94455899968058], [-75.15840700023709, 39.9445659997067], [-75.15841899993265, 39.94451300017955], [-75.1585000001235, 39.944524000227766], [-75.15852299968972, 39.944402000283134], [-75.15858700016214, 39.94441100033728], [-75.15855700002491, 39.94454400031082], [-75.15862899999495, 39.944553999661444], [-75.15865800030724, 39.94441899969572], [-75.15893000029381, 39.94445399989097], [-75.1589079996542, 39.94455200034242], [-75.15896999957846, 39.94455899968058], [-75.15899100039317, 39.94446199993309], [-75.15911100004378, 39.94447700000955], [-75.15909299960212, 39.944560999688115], [-75.15915500042472, 39.94456799971403], [-75.15916000044759, 39.94454300030681], [-75.15926199965651, 39.94455599966911], [-75.15925699963364, 39.94457999975689], [-75.15935700009108, 39.94459299980089], [-75.15936399976376, 39.94455999968436], [-75.15941499981739, 39.9445659997067], [-75.15942599968805, 39.94451800020168], [-75.15973000035999, 39.94455699967293], [-75.15971399956814, 39.94463099991539], [-75.15973399965962, 39.94463299992083], [-75.1597320000098, 39.94464899996226], [-75.15984099978974, 39.944662999995415], [-75.15986799955392, 39.94454400031082], [-75.15993899969902, 39.944557999676746], [-75.16028400037885, 39.94459699981397], [-75.16065199972657, 39.944638999936814], [-75.1606190001146, 39.94480400016987], [-75.16073299991743, 39.94482300017116], [-75.16075600038195, 39.944717000096574], [-75.16097599959167, 39.94474800013537], [-75.16096800009406, 39.94478800016472], [-75.16120099972257, 39.944824000171074], [-75.16119099967682, 39.94487200015018], [-75.16140400011214, 39.9448970001259], [-75.16187100009239, 39.94495300003844], [-75.16219499995748, 39.94499699993758], [-75.16222799956944, 39.94485200016295], [-75.162575999724, 39.94489500012819], [-75.16275499982413, 39.94491700009992], [-75.16268000037938, 39.945266000082924], [-75.16293700029733, 39.94529899985893], [-75.16301099991716, 39.944963000018], [-75.1630689996435, 39.94499099995299], [-75.16344799976018, 39.945037999818105], [-75.16402400041866, 39.945109000241786], [-75.16406700007637, 39.94515100005037], [-75.16438199972065, 39.94519799980557], [-75.1643220003445, 39.94546899983032], [-75.16499600001397, 39.945555000335496], [-75.16507100035703, 39.945555000335496], [-75.1651530003728, 39.945557000313954], [-75.16530399998554, 39.94484200016718], [-75.16534099979548, 39.94466399999772], [-75.16543299985698, 39.94423199972661], [-75.16546399981911, 39.94408999974014], [-75.16546600036726, 39.944076000278415], [-75.1655750001472, 39.9436640000785], [-75.16567200023157, 39.94320000031985], [-75.16577799963846, 39.94278500026557], [-75.16582299984432, 39.9425329998889], [-75.16584600030885, 39.942409999802535], [-75.16598799970076, 39.941819999909], [-75.16620399961083, 39.94081300002659], [-75.16627499975594, 39.94044099996773], [-75.16636000014473, 39.940029999989505], [-75.16646599955163, 39.939537000216326], [-75.16656900038211, 39.93906199978549], [-75.16681600025433, 39.9378689999111], [-75.16696699986707, 39.93718799967877], [-75.167083000218, 39.9367420001477], [-75.16730300032604, 39.935695000114926], [-75.16763999971162, 39.93414999984358], [-75.16787900008622, 39.932933999895994], [-75.16815000024788, 39.93170099988576], [-75.16842300005935, 39.93046499976714]]]}, "properties": {"CODE": "19147"}}]}